{"level":"info","message":"API Gateway running on port 8000","service":"api-gateway","timestamp":"2025-11-16T08:17:00.496Z"}
{"level":"info","message":"Identity Service URL: http://localhost:8001","service":"api-gateway","timestamp":"2025-11-16T08:17:00.501Z"}
{"level":"info","message":"Redis URL: redis://localhost:6379","service":"api-gateway","timestamp":"2025-11-16T08:17:00.502Z"}
{"level":"info","message":"POST /v1/auth/register - IP: ::ffff:127.0.0.1","service":"api-gateway","timestamp":"2025-11-16T08:17:55.202Z"}
{"level":"info","message":"Request body: [object Object]","service":"api-gateway","timestamp":"2025-11-16T08:17:55.203Z"}
{"level":"info","message":"Response from Identity Service:","service":"api-gateway","timestamp":"2025-11-16T08:17:55.281Z"}
{"level":"info","message":"API Gateway running on port 8000","service":"api-gateway","timestamp":"2025-11-16T08:18:50.078Z"}
{"level":"info","message":"Identity Service URL: http://localhost:8001","service":"api-gateway","timestamp":"2025-11-16T08:18:50.084Z"}
{"level":"info","message":"Redis URL: redis://localhost:6379","service":"api-gateway","timestamp":"2025-11-16T08:18:50.085Z"}
{"level":"info","message":"POST /v1/auth/register - IP: ::ffff:127.0.0.1","service":"api-gateway","timestamp":"2025-11-16T08:19:11.600Z"}
{"level":"info","message":"Request body: [object Object]","service":"api-gateway","timestamp":"2025-11-16T08:19:11.601Z"}
{"level":"info","message":"Response from Identity Service:","service":"api-gateway","timestamp":"2025-11-16T08:19:11.646Z"}
{"level":"info","message":"API Gateway running on port 8000","service":"api-gateway","timestamp":"2025-11-16T08:19:41.481Z"}
{"level":"info","message":"Identity Service URL: http://localhost:8001","service":"api-gateway","timestamp":"2025-11-16T08:19:41.487Z"}
{"level":"info","message":"Redis URL: redis://localhost:6379","service":"api-gateway","timestamp":"2025-11-16T08:19:41.488Z"}
{"level":"info","message":"POST /v1/auth/register - IP: ::ffff:127.0.0.1","service":"api-gateway","timestamp":"2025-11-16T08:19:47.523Z"}
{"level":"info","message":"Request body: [object Object]","service":"api-gateway","timestamp":"2025-11-16T08:19:47.529Z"}
{"level":"info","message":"Response from Identity Service:","service":"api-gateway","timestamp":"2025-11-16T08:19:47.586Z"}
{"level":"info","message":"API Gateway running on port 8000","service":"api-gateway","timestamp":"2025-11-16T08:22:22.520Z"}
{"level":"info","message":"Identity Service URL: http://localhost:8001","service":"api-gateway","timestamp":"2025-11-16T08:22:22.525Z"}
{"level":"info","message":"Redis URL: redis://localhost:6379","service":"api-gateway","timestamp":"2025-11-16T08:22:22.527Z"}
{"level":"info","message":"API Gateway running on port 8000","service":"api-gateway","timestamp":"2025-11-16T08:22:41.388Z"}
{"level":"info","message":"Identity Service URL: http://localhost:8001","service":"api-gateway","timestamp":"2025-11-16T08:22:41.396Z"}
{"level":"info","message":"Redis URL: redis://localhost:6379","service":"api-gateway","timestamp":"2025-11-16T08:22:41.398Z"}
{"level":"info","message":"API Gateway running on port 8000","service":"api-gateway","timestamp":"2025-11-16T08:23:01.186Z"}
{"level":"info","message":"Identity Service URL: http://localhost:8001","service":"api-gateway","timestamp":"2025-11-16T08:23:01.194Z"}
{"level":"info","message":"Redis URL: redis://localhost:6379","service":"api-gateway","timestamp":"2025-11-16T08:23:01.197Z"}
{"level":"info","message":"POST /v1/auth/register - IP: ::ffff:127.0.0.1","service":"api-gateway","timestamp":"2025-11-16T08:23:05.707Z"}
{"level":"info","message":"Request body: [object Object]","service":"api-gateway","timestamp":"2025-11-16T08:23:05.709Z"}
{"level":"info","message":"Response from Identity Service:","service":"api-gateway","timestamp":"2025-11-16T08:23:05.729Z"}
{"level":"info","message":"API Gateway running on port 8000","service":"api-gateway","timestamp":"2025-11-16T08:25:02.213Z"}
{"level":"info","message":"Identity Service URL: http://localhost:8001","service":"api-gateway","timestamp":"2025-11-16T08:25:02.220Z"}
{"level":"info","message":"Redis URL: redis://localhost:6379","service":"api-gateway","timestamp":"2025-11-16T08:25:02.221Z"}
{"level":"info","message":"Received POST request to /v1/auth/register - IP: ::ffff:127.0.0.1","service":"api-gateway","timestamp":"2025-11-16T08:25:10.858Z"}
{"level":"info","message":"Request body: [object Object]","service":"api-gateway","timestamp":"2025-11-16T08:25:10.859Z"}
{"level":"info","message":"Response from Identity Service:","service":"api-gateway","timestamp":"2025-11-16T08:25:10.908Z"}
{"level":"info","message":"API Gateway running on port 8000","service":"api-gateway","timestamp":"2025-11-16T08:28:35.326Z"}
{"level":"info","message":"Identity Service URL: http://localhost:8001","service":"api-gateway","timestamp":"2025-11-16T08:28:35.337Z"}
{"level":"info","message":"Redis URL: redis://localhost:6379","service":"api-gateway","timestamp":"2025-11-16T08:28:35.342Z"}
{"level":"info","message":"Received POST request to /v1/auth/register - IP: ::ffff:127.0.0.1","service":"api-gateway","timestamp":"2025-11-16T08:29:09.352Z"}
{"level":"info","message":"Request body: [object Object]","service":"api-gateway","timestamp":"2025-11-16T08:29:09.353Z"}
{"level":"info","message":"Response from Identity Service: 400","service":"api-gateway","timestamp":"2025-11-16T08:29:09.382Z"}
{"level":"info","message":"API Gateway running on port 8000","service":"api-gateway","timestamp":"2025-11-16T08:30:37.299Z"}
{"level":"info","message":"Identity Service URL: http://localhost:8001","service":"api-gateway","timestamp":"2025-11-16T08:30:37.305Z"}
{"level":"info","message":"Redis URL: redis://localhost:6379","service":"api-gateway","timestamp":"2025-11-16T08:30:37.306Z"}
{"level":"info","message":"API Gateway running on port 8000","service":"api-gateway","timestamp":"2025-11-16T08:32:24.420Z"}
{"level":"info","message":"Identity Service URL: http://localhost:8001","service":"api-gateway","timestamp":"2025-11-16T08:32:24.435Z"}
{"level":"info","message":"Redis URL: redis://localhost:6379","service":"api-gateway","timestamp":"2025-11-16T08:32:24.439Z"}
{"level":"info","message":"API Gateway running on port 8000","service":"api-gateway","timestamp":"2025-11-16T08:33:42.677Z"}
{"level":"info","message":"Identity Service URL: http://localhost:8001","service":"api-gateway","timestamp":"2025-11-16T08:33:42.778Z"}
{"level":"info","message":"Redis URL: redis://localhost:6379","service":"api-gateway","timestamp":"2025-11-16T08:33:42.797Z"}
{"level":"info","message":"API Gateway running on port 8000","service":"api-gateway","timestamp":"2025-11-16T08:33:52.276Z"}
{"level":"info","message":"Identity Service URL: http://localhost:8001","service":"api-gateway","timestamp":"2025-11-16T08:33:52.438Z"}
{"level":"info","message":"Redis URL: redis://localhost:6379","service":"api-gateway","timestamp":"2025-11-16T08:33:52.517Z"}
{"level":"info","message":"Received POST request to /v1/auth/register - IP: ::ffff:127.0.0.1","service":"api-gateway","timestamp":"2025-11-16T08:34:13.211Z"}
{"level":"info","message":"Request body: [object Object]","service":"api-gateway","timestamp":"2025-11-16T08:34:13.218Z"}
{"level":"info","message":"Proxying to: /api/auth/register","service":"api-gateway","timestamp":"2025-11-16T08:34:13.235Z"}
{"level":"info","message":"Response from Identity Service:","service":"api-gateway","timestamp":"2025-11-16T08:34:13.275Z"}
{"level":"info","message":"Received POST request to /v1/auth/register - IP: ::ffff:127.0.0.1","service":"api-gateway","timestamp":"2025-11-16T08:34:23.256Z"}
{"level":"info","message":"Request body: [object Object]","service":"api-gateway","timestamp":"2025-11-16T08:34:23.294Z"}
{"level":"info","message":"Proxying to: /api/auth/register","service":"api-gateway","timestamp":"2025-11-16T08:34:23.318Z"}
{"level":"info","message":"Response from Identity Service:","service":"api-gateway","timestamp":"2025-11-16T08:34:23.353Z"}
{"level":"info","message":"API Gateway running on port 8000","service":"api-gateway","timestamp":"2025-11-16T08:41:37.720Z"}
{"level":"info","message":"Identity Service URL: http://localhost:8001","service":"api-gateway","timestamp":"2025-11-16T08:41:37.736Z"}
{"level":"info","message":"Redis URL: redis://localhost:6379","service":"api-gateway","timestamp":"2025-11-16T08:41:37.739Z"}
{"level":"info","message":"API Gateway running on port 8000","service":"api-gateway","timestamp":"2025-11-16T08:42:10.967Z"}
{"level":"info","message":"Identity Service URL: http://localhost:8001","service":"api-gateway","timestamp":"2025-11-16T08:42:10.992Z"}
{"level":"info","message":"Redis URL: redis://localhost:6379","service":"api-gateway","timestamp":"2025-11-16T08:42:11.006Z"}
{"level":"info","message":"API Gateway running on port 8000","service":"api-gateway","timestamp":"2025-11-16T08:42:25.759Z"}
{"level":"info","message":"Identity Service URL: http://localhost:8001","service":"api-gateway","timestamp":"2025-11-16T08:42:25.775Z"}
{"level":"info","message":"Redis URL: redis://localhost:6379","service":"api-gateway","timestamp":"2025-11-16T08:42:25.777Z"}
{"level":"info","message":"API Gateway running on port 8000","service":"api-gateway","timestamp":"2025-11-16T08:42:31.803Z"}
{"level":"info","message":"Identity Service URL: http://localhost:8001","service":"api-gateway","timestamp":"2025-11-16T08:42:31.811Z"}
{"level":"info","message":"Redis URL: redis://localhost:6379","service":"api-gateway","timestamp":"2025-11-16T08:42:31.820Z"}
{"level":"info","message":"API Gateway running on port 8000","service":"api-gateway","timestamp":"2025-11-16T08:42:38.123Z"}
{"level":"info","message":"Identity Service URL: http://localhost:8001","service":"api-gateway","timestamp":"2025-11-16T08:42:38.130Z"}
{"level":"info","message":"Redis URL: redis://localhost:6379","service":"api-gateway","timestamp":"2025-11-16T08:42:38.133Z"}
{"level":"info","message":"API Gateway running on port 8000","service":"api-gateway","timestamp":"2025-11-16T08:42:57.752Z"}
{"level":"info","message":"Identity Service URL: http://localhost:8001","service":"api-gateway","timestamp":"2025-11-16T08:42:57.762Z"}
{"level":"info","message":"Redis URL: redis://localhost:6379","service":"api-gateway","timestamp":"2025-11-16T08:42:57.771Z"}
{"level":"info","message":"API Gateway running on port 8000","service":"api-gateway","timestamp":"2025-11-16T08:43:06.295Z"}
{"level":"info","message":"Identity Service URL: http://localhost:8001","service":"api-gateway","timestamp":"2025-11-16T08:43:06.304Z"}
{"level":"info","message":"Redis URL: redis://localhost:6379","service":"api-gateway","timestamp":"2025-11-16T08:43:06.306Z"}
{"level":"info","message":"API Gateway running on port 8000","service":"api-gateway","timestamp":"2025-11-16T08:43:12.105Z"}
{"level":"info","message":"Identity Service URL: http://localhost:8001","service":"api-gateway","timestamp":"2025-11-16T08:43:12.113Z"}
{"level":"info","message":"Redis URL: redis://localhost:6379","service":"api-gateway","timestamp":"2025-11-16T08:43:12.120Z"}
{"level":"info","message":"Received POST request to /v1/auth/register - IP: ::ffff:127.0.0.1","service":"api-gateway","timestamp":"2025-11-16T08:43:22.844Z"}
{"level":"info","message":"Request body: [object Object]","service":"api-gateway","timestamp":"2025-11-16T08:43:22.860Z"}
{"level":"info","message":"Proxying POST request to: http://localhost:8001/api/auth/register","service":"api-gateway","timestamp":"2025-11-16T08:43:22.888Z"}
{"level":"info","message":"Request body: {\"username\":\"admin1\",\"email\":\"admicom@gmail.com\",\"password\":\"000000\"}","service":"api-gateway","timestamp":"2025-11-16T08:43:22.904Z"}
{"level":"info","message":"API Gateway running on port 8000","service":"api-gateway","timestamp":"2025-11-16T08:43:25.756Z"}
{"level":"info","message":"Identity Service URL: http://localhost:8001","service":"api-gateway","timestamp":"2025-11-16T08:43:25.761Z"}
{"level":"info","message":"Redis URL: redis://localhost:6379","service":"api-gateway","timestamp":"2025-11-16T08:43:25.762Z"}
{"level":"info","message":"Received POST request to /v1/auth/register - IP: ::ffff:127.0.0.1","service":"api-gateway","timestamp":"2025-11-16T08:43:33.600Z"}
{"level":"info","message":"Request body: [object Object]","service":"api-gateway","timestamp":"2025-11-16T08:43:33.659Z"}
{"level":"info","message":"Proxying POST request to: http://localhost:8001/api/auth/register","service":"api-gateway","timestamp":"2025-11-16T08:43:33.707Z"}
{"level":"info","message":"Request body: {\"username\":\"admin1\",\"email\":\"admicom@gmail.com\",\"password\":\"000000\"}","service":"api-gateway","timestamp":"2025-11-16T08:43:33.774Z"}
{"level":"info","message":"Response from Identity Service: 400","service":"api-gateway","timestamp":"2025-11-16T08:43:33.935Z"}
{"level":"info","message":"API Gateway running on port 8000","service":"api-gateway","timestamp":"2025-11-16T08:43:46.571Z"}
{"level":"info","message":"Identity Service URL: http://localhost:8001","service":"api-gateway","timestamp":"2025-11-16T08:43:46.578Z"}
{"level":"info","message":"Redis URL: redis://localhost:6379","service":"api-gateway","timestamp":"2025-11-16T08:43:46.581Z"}
{"level":"info","message":"API Gateway running on port 8000","service":"api-gateway","timestamp":"2025-11-16T08:45:22.571Z"}
{"level":"info","message":"Identity Service URL: http://localhost:8001","service":"api-gateway","timestamp":"2025-11-16T08:45:22.578Z"}
{"level":"info","message":"Redis URL: redis://localhost:6379","service":"api-gateway","timestamp":"2025-11-16T08:45:22.579Z"}
{"level":"info","message":"Received POST request to /v1/auth/register - IP: ::ffff:127.0.0.1","service":"api-gateway","timestamp":"2025-11-16T08:45:25.160Z"}
{"level":"info","message":"Request body: [object Object]","service":"api-gateway","timestamp":"2025-11-16T08:45:25.161Z"}
{"level":"info","message":"API Gateway running on port 8000","service":"api-gateway","timestamp":"2025-11-16T08:47:30.611Z"}
{"level":"info","message":"Identity Service URL: http://localhost:8001","service":"api-gateway","timestamp":"2025-11-16T08:47:30.630Z"}
{"level":"info","message":"Redis URL: redis://localhost:6379","service":"api-gateway","timestamp":"2025-11-16T08:47:30.635Z"}
{"level":"info","message":"API Gateway running on port 8000","service":"api-gateway","timestamp":"2025-11-16T08:47:43.422Z"}
{"level":"info","message":"Identity Service URL: http://localhost:8001","service":"api-gateway","timestamp":"2025-11-16T08:47:43.439Z"}
{"level":"info","message":"Redis URL: redis://localhost:6379","service":"api-gateway","timestamp":"2025-11-16T08:47:43.448Z"}
{"level":"info","message":"API Gateway running on port 8000","service":"api-gateway","timestamp":"2025-11-16T08:48:02.529Z"}
{"level":"info","message":"Identity Service URL: http://localhost:8001","service":"api-gateway","timestamp":"2025-11-16T08:48:02.543Z"}
{"level":"info","message":"Redis URL: redis://localhost:6379","service":"api-gateway","timestamp":"2025-11-16T08:48:02.546Z"}
{"level":"info","message":"API Gateway running on port 8000","service":"api-gateway","timestamp":"2025-11-16T08:48:10.127Z"}
{"level":"info","message":"Identity Service URL: http://localhost:8001","service":"api-gateway","timestamp":"2025-11-16T08:48:10.135Z"}
{"level":"info","message":"Redis URL: redis://localhost:6379","service":"api-gateway","timestamp":"2025-11-16T08:48:10.137Z"}
{"level":"info","message":"Received POST request to /v1/auth/register - IP: ::ffff:127.0.0.1","service":"api-gateway","timestamp":"2025-11-16T08:48:17.432Z"}
{"level":"info","message":"Request body: [object Object]","service":"api-gateway","timestamp":"2025-11-16T08:48:17.434Z"}
{"level":"info","message":"API Gateway running on port 8000","service":"api-gateway","timestamp":"2025-11-16T08:49:45.086Z"}
{"level":"info","message":"Identity Service URL: http://localhost:8001","service":"api-gateway","timestamp":"2025-11-16T08:49:45.119Z"}
{"level":"info","message":"Redis URL: redis://localhost:6379","service":"api-gateway","timestamp":"2025-11-16T08:49:45.123Z"}
{"level":"info","message":"API Gateway running on port 8000","service":"api-gateway","timestamp":"2025-11-16T08:49:53.449Z"}
{"level":"info","message":"Identity Service URL: http://localhost:8001","service":"api-gateway","timestamp":"2025-11-16T08:49:53.456Z"}
{"level":"info","message":"Redis URL: redis://localhost:6379","service":"api-gateway","timestamp":"2025-11-16T08:49:53.458Z"}
{"level":"info","message":"Received POST request to /v1/auth/register - IP: ::ffff:127.0.0.1","service":"api-gateway","timestamp":"2025-11-16T08:50:01.200Z"}
{"level":"info","message":"Request body: [object Object]","service":"api-gateway","timestamp":"2025-11-16T08:50:01.203Z"}
{"level":"info","message":"Received POST request to /v1/auth/register - IP: ::ffff:127.0.0.1","service":"api-gateway","timestamp":"2025-11-16T08:50:02.866Z"}
{"level":"info","message":"Request body: [object Object]","service":"api-gateway","timestamp":"2025-11-16T08:50:02.886Z"}
{"level":"info","message":"Received POST request to /v1/auth/register - IP: ::ffff:127.0.0.1","service":"api-gateway","timestamp":"2025-11-16T08:50:03.085Z"}
{"level":"info","message":"Request body: [object Object]","service":"api-gateway","timestamp":"2025-11-16T08:50:03.119Z"}
{"level":"info","message":"Received POST request to /v1/auth/register - IP: ::ffff:127.0.0.1","service":"api-gateway","timestamp":"2025-11-16T08:50:03.271Z"}
{"level":"info","message":"Request body: [object Object]","service":"api-gateway","timestamp":"2025-11-16T08:50:03.322Z"}
{"level":"info","message":"Received POST request to /v1/auth/register - IP: ::ffff:127.0.0.1","service":"api-gateway","timestamp":"2025-11-16T08:50:03.726Z"}
{"level":"info","message":"Request body: [object Object]","service":"api-gateway","timestamp":"2025-11-16T08:50:03.781Z"}
{"level":"info","message":"API Gateway running on port 8000","service":"api-gateway","timestamp":"2025-11-16T08:50:07.614Z"}
{"level":"info","message":"Identity Service URL: http://localhost:8001","service":"api-gateway","timestamp":"2025-11-16T08:50:07.622Z"}
{"level":"info","message":"Redis URL: redis://localhost:6379","service":"api-gateway","timestamp":"2025-11-16T08:50:07.624Z"}
{"level":"info","message":"Received POST request to /v1/auth/register - IP: ::ffff:127.0.0.1","service":"api-gateway","timestamp":"2025-11-16T08:50:12.129Z"}
{"level":"info","message":"Request body: [object Object]","service":"api-gateway","timestamp":"2025-11-16T08:50:12.130Z"}
{"level":"info","message":"API Gateway running on port 8000","service":"api-gateway","timestamp":"2025-11-16T08:50:41.940Z"}
{"level":"info","message":"Identity Service URL: http://localhost:8001","service":"api-gateway","timestamp":"2025-11-16T08:50:41.973Z"}
{"level":"info","message":"Redis URL: redis://localhost:6379","service":"api-gateway","timestamp":"2025-11-16T08:50:41.978Z"}
{"level":"info","message":"API Gateway running on port 8000","service":"api-gateway","timestamp":"2025-11-16T08:50:48.302Z"}
{"level":"info","message":"Identity Service URL: http://localhost:8001","service":"api-gateway","timestamp":"2025-11-16T08:50:48.324Z"}
{"level":"info","message":"Redis URL: redis://localhost:6379","service":"api-gateway","timestamp":"2025-11-16T08:50:48.336Z"}
{"level":"info","message":"API Gateway running on port 8000","service":"api-gateway","timestamp":"2025-11-16T08:51:08.185Z"}
{"level":"info","message":"Identity Service URL: http://localhost:8001","service":"api-gateway","timestamp":"2025-11-16T08:51:08.202Z"}
{"level":"info","message":"Redis URL: redis://localhost:6379","service":"api-gateway","timestamp":"2025-11-16T08:51:08.221Z"}
{"level":"info","message":"API Gateway running on port 8000","service":"api-gateway","timestamp":"2025-11-16T08:51:40.355Z"}
{"level":"info","message":"Identity Service URL: http://localhost:8001","service":"api-gateway","timestamp":"2025-11-16T08:51:40.370Z"}
{"level":"info","message":"Redis URL: redis://localhost:6379","service":"api-gateway","timestamp":"2025-11-16T08:51:40.371Z"}
{"level":"info","message":"API Gateway running on port 8000","service":"api-gateway","timestamp":"2025-11-16T08:51:46.321Z"}
{"level":"info","message":"Identity Service URL: http://localhost:8001","service":"api-gateway","timestamp":"2025-11-16T08:51:46.378Z"}
{"level":"info","message":"Redis URL: redis://localhost:6379","service":"api-gateway","timestamp":"2025-11-16T08:51:46.381Z"}
{"level":"info","message":"API Gateway running on port 8000","service":"api-gateway","timestamp":"2025-11-16T08:51:53.071Z"}
{"level":"info","message":"Identity Service URL: http://localhost:8001","service":"api-gateway","timestamp":"2025-11-16T08:51:53.077Z"}
{"level":"info","message":"Redis URL: redis://localhost:6379","service":"api-gateway","timestamp":"2025-11-16T08:51:53.080Z"}
{"level":"info","message":"API Gateway running on port 8000","service":"api-gateway","timestamp":"2025-11-16T08:57:07.164Z"}
{"level":"info","message":"Identity Service URL: http://localhost:8001","service":"api-gateway","timestamp":"2025-11-16T08:57:07.171Z"}
{"level":"info","message":"Redis URL: redis://localhost:6379","service":"api-gateway","timestamp":"2025-11-16T08:57:07.172Z"}
{"level":"info","message":"API Gateway running on port 8000","service":"api-gateway","timestamp":"2025-11-16T09:14:14.642Z"}
{"level":"info","message":"Identity Service URL: http://localhost:8001","service":"api-gateway","timestamp":"2025-11-16T09:14:14.659Z"}
{"level":"info","message":"Redis URL: redis://localhost:6379","service":"api-gateway","timestamp":"2025-11-16T09:14:14.662Z"}
{"level":"info","message":"Received POST request to /v1/auth/register - IP: ::ffff:127.0.0.1","service":"api-gateway","timestamp":"2025-11-16T09:14:18.193Z"}
{"level":"info","message":"Request body: {\"username\":\"admin1\",\"email\":\"admicom@gmail.com\",\"password\":\"000000\"}","service":"api-gateway","timestamp":"2025-11-16T09:14:18.194Z"}
{"level":"info","message":"Proxying request → http://localhost:8001/api/auth/register","service":"api-gateway","timestamp":"2025-11-16T09:14:18.195Z"}
{"level":"info","message":"Received POST request to /v1/auth/register - IP: ::ffff:127.0.0.1","service":"api-gateway","timestamp":"2025-11-16T09:14:54.990Z"}
{"level":"info","message":"Request body: {\"username\":\"admin1\",\"email\":\"admicom@gmail.com\",\"password\":\"000000\"}","service":"api-gateway","timestamp":"2025-11-16T09:14:54.992Z"}
{"level":"info","message":"Proxying request → http://localhost:8001/api/auth/register","service":"api-gateway","timestamp":"2025-11-16T09:14:54.993Z"}
{"level":"info","message":"Received POST request to /v1/auth/register - IP: ::ffff:127.0.0.1","service":"api-gateway","timestamp":"2025-11-16T09:15:39.368Z"}
{"level":"info","message":"Request body: {\"username\":\"admin1\",\"email\":\"admicom@gmail.com\",\"password\":\"000000\"}","service":"api-gateway","timestamp":"2025-11-16T09:15:39.371Z"}
{"level":"info","message":"Proxying request → http://localhost:8001/api/auth/register","service":"api-gateway","timestamp":"2025-11-16T09:15:39.373Z"}
{"level":"info","message":"Received POST request to /v1/auth/register - IP: ::ffff:127.0.0.1","service":"api-gateway","timestamp":"2025-11-16T09:16:06.860Z"}
{"level":"info","message":"Request body: {\"username\":\"admin1\",\"email\":\"admicom@gmail.com\",\"password\":\"000000\"}","service":"api-gateway","timestamp":"2025-11-16T09:16:06.862Z"}
{"level":"info","message":"Proxying request → http://localhost:8001/api/auth/register","service":"api-gateway","timestamp":"2025-11-16T09:16:06.863Z"}
{"level":"info","message":"Received POST request to /v1/auth/register - IP: ::ffff:127.0.0.1","service":"api-gateway","timestamp":"2025-11-16T09:18:16.135Z"}
{"level":"info","message":"Request body: {\"username\":\"admin1\",\"email\":\"admicom@gmail.com\",\"password\":\"000000\"}","service":"api-gateway","timestamp":"2025-11-16T09:18:16.136Z"}
{"level":"info","message":"Proxying request → http://localhost:8001/api/auth/register","service":"api-gateway","timestamp":"2025-11-16T09:18:16.136Z"}
{"level":"info","message":"API Gateway running on port 8000","service":"api-gateway","timestamp":"2025-11-16T09:19:33.700Z"}
{"level":"info","message":"Identity Service URL: http://localhost:8001","service":"api-gateway","timestamp":"2025-11-16T09:19:33.712Z"}
{"level":"info","message":"Redis URL: redis://localhost:6379","service":"api-gateway","timestamp":"2025-11-16T09:19:33.713Z"}
{"level":"info","message":"API Gateway running on port 8000","service":"api-gateway","timestamp":"2025-11-16T09:20:01.645Z"}
{"level":"info","message":"Identity Service URL: http://localhost:8001","service":"api-gateway","timestamp":"2025-11-16T09:20:01.656Z"}
{"level":"info","message":"Redis URL: redis://localhost:6379","service":"api-gateway","timestamp":"2025-11-16T09:20:01.657Z"}
{"level":"info","message":"API Gateway running on port 8000","service":"api-gateway","timestamp":"2025-11-16T09:20:36.800Z"}
{"level":"info","message":"Identity Service URL: http://localhost:8001","service":"api-gateway","timestamp":"2025-11-16T09:20:36.814Z"}
{"level":"info","message":"Redis URL: redis://localhost:6379","service":"api-gateway","timestamp":"2025-11-16T09:20:36.816Z"}
{"level":"info","message":"API Gateway running on port 8000","service":"api-gateway","timestamp":"2025-11-16T09:21:25.513Z"}
{"level":"info","message":"Identity Service URL: http://localhost:8001","service":"api-gateway","timestamp":"2025-11-16T09:21:25.525Z"}
{"level":"info","message":"Redis URL: redis://localhost:6379","service":"api-gateway","timestamp":"2025-11-16T09:21:25.530Z"}
{"level":"info","message":"API Gateway running on port 8000","service":"api-gateway","timestamp":"2025-11-16T09:21:32.943Z"}
{"level":"info","message":"Identity Service URL: http://localhost:8001","service":"api-gateway","timestamp":"2025-11-16T09:21:32.964Z"}
{"level":"info","message":"Redis URL: redis://localhost:6379","service":"api-gateway","timestamp":"2025-11-16T09:21:32.966Z"}
{"level":"info","message":"Received POST request to /v1/auth/register - IP: ::ffff:127.0.0.1","service":"api-gateway","timestamp":"2025-11-16T09:21:35.222Z"}
{"level":"info","message":"Request body: {\"username\":\"admin1\",\"email\":\"admicom@gmail.com\",\"password\":\"000000\"}","service":"api-gateway","timestamp":"2025-11-16T09:21:35.224Z"}
{"level":"info","message":"Proxying POST /v1/auth/register → http://localhost:8001/api/auth/register","service":"api-gateway","timestamp":"2025-11-16T09:21:35.225Z"}
{"level":"info","message":"SIGTERM received — shutting down gracefully","service":"api-gateway","timestamp":"2025-11-16T09:21:54.599Z"}
{"level":"info","message":"API Gateway running on port 8000","service":"api-gateway","timestamp":"2025-11-16T09:22:03.289Z"}
{"level":"info","message":"Identity Service URL: http://localhost:8001","service":"api-gateway","timestamp":"2025-11-16T09:22:03.298Z"}
{"level":"info","message":"Redis URL: redis://localhost:6379","service":"api-gateway","timestamp":"2025-11-16T09:22:03.300Z"}
{"level":"info","message":"Received POST request to /v1/auth/register - IP: ::ffff:127.0.0.1","service":"api-gateway","timestamp":"2025-11-16T09:22:05.602Z"}
{"level":"info","message":"Request body: {\"username\":\"admin1\",\"email\":\"admicom@gmail.com\",\"password\":\"000000\"}","service":"api-gateway","timestamp":"2025-11-16T09:22:05.604Z"}
{"level":"info","message":"Proxying POST /v1/auth/register → http://localhost:8001/api/auth/register","service":"api-gateway","timestamp":"2025-11-16T09:22:05.606Z"}
{"level":"info","message":"API Gateway running on port 8000","service":"api-gateway","timestamp":"2025-11-16T09:33:44.783Z"}
{"level":"info","message":"Identity Service URL: http://localhost:8001","service":"api-gateway","timestamp":"2025-11-16T09:33:44.791Z"}
{"level":"info","message":"Redis URL: redis://localhost:6379","service":"api-gateway","timestamp":"2025-11-16T09:33:44.792Z"}
{"level":"info","message":"Received POST request to /v1/auth/register - IP: ::ffff:127.0.0.1","service":"api-gateway","timestamp":"2025-11-16T09:34:26.507Z"}
{"level":"info","message":"Request body: [object Object]","service":"api-gateway","timestamp":"2025-11-16T09:34:26.513Z"}
{"level":"info","message":"Response from Identity Service:","service":"api-gateway","timestamp":"2025-11-16T09:34:26.543Z"}
{"level":"info","message":"Received POST request to /v1/auth/register - IP: ::ffff:127.0.0.1","service":"api-gateway","timestamp":"2025-11-16T09:34:26.862Z"}
{"level":"info","message":"Request body: [object Object]","service":"api-gateway","timestamp":"2025-11-16T09:34:26.863Z"}
{"level":"info","message":"Response from Identity Service:","service":"api-gateway","timestamp":"2025-11-16T09:34:26.874Z"}
{"level":"info","message":"Received POST request to /v1/auth/register - IP: ::ffff:127.0.0.1","service":"api-gateway","timestamp":"2025-11-16T09:34:42.763Z"}
{"level":"info","message":"Request body: [object Object]","service":"api-gateway","timestamp":"2025-11-16T09:34:42.775Z"}
{"level":"info","message":"Response from Identity Service:","service":"api-gateway","timestamp":"2025-11-16T09:34:42.796Z"}
{"level":"info","message":"Received POST request to /v1/auth/register - IP: ::ffff:127.0.0.1","service":"api-gateway","timestamp":"2025-11-16T09:34:45.997Z"}
{"level":"info","message":"Request body: [object Object]","service":"api-gateway","timestamp":"2025-11-16T09:34:45.998Z"}
{"level":"info","message":"Response from Identity Service:","service":"api-gateway","timestamp":"2025-11-16T09:34:46.004Z"}
{"level":"info","message":"API Gateway running on port 8000","service":"api-gateway","timestamp":"2025-11-16T09:35:33.975Z"}
{"level":"info","message":"Identity Service URL: http://localhost:8001","service":"api-gateway","timestamp":"2025-11-16T09:35:33.982Z"}
{"level":"info","message":"Redis URL: redis://localhost:6379","service":"api-gateway","timestamp":"2025-11-16T09:35:33.983Z"}
{"level":"info","message":"API Gateway running on port 8000","service":"api-gateway","timestamp":"2025-11-16T09:36:10.412Z"}
{"level":"info","message":"Identity Service URL: http://localhost:8001","service":"api-gateway","timestamp":"2025-11-16T09:36:10.417Z"}
{"level":"info","message":"Redis URL: redis://localhost:6379","service":"api-gateway","timestamp":"2025-11-16T09:36:10.420Z"}
{"level":"info","message":"Received POST request to /v1/auth/register - IP: ::ffff:127.0.0.1","service":"api-gateway","timestamp":"2025-11-16T09:36:28.683Z"}
{"level":"info","message":"Request body: undefined","service":"api-gateway","timestamp":"2025-11-16T09:36:28.699Z"}
{"level":"info","message":"API Gateway running on port 8000","service":"api-gateway","timestamp":"2025-11-16T09:37:42.283Z"}
{"level":"info","message":"Identity Service URL: http://localhost:8001","service":"api-gateway","timestamp":"2025-11-16T09:37:42.346Z"}
{"level":"info","message":"Redis URL: redis://localhost:6379","service":"api-gateway","timestamp":"2025-11-16T09:37:42.383Z"}
{"level":"info","message":"API Gateway running on port 8000","service":"api-gateway","timestamp":"2025-11-16T09:37:48.330Z"}
{"level":"info","message":"Identity Service URL: http://localhost:8001","service":"api-gateway","timestamp":"2025-11-16T09:37:48.348Z"}
{"level":"info","message":"Redis URL: redis://localhost:6379","service":"api-gateway","timestamp":"2025-11-16T09:37:48.349Z"}
{"level":"info","message":"Received POST request to /v1/auth/register - IP: ::ffff:127.0.0.1","service":"api-gateway","timestamp":"2025-11-16T09:37:50.634Z"}
{"level":"info","message":"Request body: undefined","service":"api-gateway","timestamp":"2025-11-16T09:37:50.640Z"}
{"level":"info","message":"API Gateway running on port 8000","service":"api-gateway","timestamp":"2025-11-16T09:38:51.478Z"}
{"level":"info","message":"Identity Service URL: http://localhost:8001","service":"api-gateway","timestamp":"2025-11-16T09:38:51.486Z"}
{"level":"info","message":"Redis URL: redis://localhost:6379","service":"api-gateway","timestamp":"2025-11-16T09:38:51.488Z"}
{"level":"info","message":"Received POST request to /v1/auth/register - IP: ::ffff:127.0.0.1","service":"api-gateway","timestamp":"2025-11-16T09:38:55.079Z"}
{"level":"info","message":"Request body: undefined","service":"api-gateway","timestamp":"2025-11-16T09:38:55.082Z"}
{"level":"info","message":"API Gateway running on port 8000","service":"api-gateway","timestamp":"2025-11-16T09:41:18.922Z"}
{"level":"info","message":"Identity Service URL: http://localhost:8001","service":"api-gateway","timestamp":"2025-11-16T09:41:18.930Z"}
{"level":"info","message":"Redis URL: redis://localhost:6379","service":"api-gateway","timestamp":"2025-11-16T09:41:18.931Z"}
{"level":"info","message":"API Gateway running on port 8000","service":"api-gateway","timestamp":"2025-11-16T09:41:25.824Z"}
{"level":"info","message":"Identity Service URL: http://localhost:8001","service":"api-gateway","timestamp":"2025-11-16T09:41:25.839Z"}
{"level":"info","message":"Redis URL: redis://localhost:6379","service":"api-gateway","timestamp":"2025-11-16T09:41:25.841Z"}
{"level":"info","message":"API Gateway running on port 8000","service":"api-gateway","timestamp":"2025-11-16T09:41:29.009Z"}
{"level":"info","message":"Identity Service URL: http://localhost:8001","service":"api-gateway","timestamp":"2025-11-16T09:41:29.019Z"}
{"level":"info","message":"Redis URL: redis://localhost:6379","service":"api-gateway","timestamp":"2025-11-16T09:41:29.021Z"}
{"level":"info","message":"Received POST request to /v1/auth/register - IP: ::ffff:127.0.0.1","service":"api-gateway","timestamp":"2025-11-16T09:41:33.863Z"}
{"level":"info","message":"Request body: {\"username\":\"admin1\",\"email\":\"admicom@gmail.com\",\"password\":\"000000\"}","service":"api-gateway","timestamp":"2025-11-16T09:41:33.917Z"}
{"level":"info","message":"Rewriting path → /api/auth/register","service":"api-gateway","timestamp":"2025-11-16T09:41:33.937Z"}
{"level":"info","message":"Identity Response Status: 400","service":"api-gateway","timestamp":"2025-11-16T09:41:33.981Z"}
{"level":"info","message":"API Gateway running on port 8000","service":"api-gateway","timestamp":"2025-11-16T09:44:58.680Z"}
{"level":"info","message":"Identity Service URL: http://localhost:8001","service":"api-gateway","timestamp":"2025-11-16T09:44:58.687Z"}
{"level":"info","message":"Redis URL: redis://localhost:6379","service":"api-gateway","timestamp":"2025-11-16T09:44:58.689Z"}
{"level":"info","message":"Received POST request to /v1/auth/register - IP: ::ffff:127.0.0.1","service":"api-gateway","timestamp":"2025-11-16T09:45:02.601Z"}
{"level":"info","message":"Request body: {\"username\":\"admin1\",\"email\":\"admicom@gmail.com\",\"password\":\"000000\"}","service":"api-gateway","timestamp":"2025-11-16T09:45:02.603Z"}
{"level":"info","message":"Identity Response Status: 400","service":"api-gateway","timestamp":"2025-11-16T09:45:02.631Z"}
{"level":"info","message":"Received POST request to /v1/auth/register - IP: ::ffff:127.0.0.1","service":"api-gateway","timestamp":"2025-11-16T09:47:18.447Z"}
{"level":"info","message":"Request body: {\"username\":\"admin1\",\"email\":\"admicom@gmail.com\",\"password\":\"000000\"}","service":"api-gateway","timestamp":"2025-11-16T09:47:18.467Z"}
{"level":"info","message":"Identity Response Status: 400","service":"api-gateway","timestamp":"2025-11-16T09:47:18.566Z"}
{"level":"info","message":"Received POST request to /v1/auth/register - IP: ::ffff:127.0.0.1","service":"api-gateway","timestamp":"2025-11-16T09:47:18.975Z"}
{"level":"info","message":"Request body: {\"username\":\"admin1\",\"email\":\"admicom@gmail.com\",\"password\":\"000000\"}","service":"api-gateway","timestamp":"2025-11-16T09:47:18.976Z"}
{"level":"info","message":"Identity Response Status: 400","service":"api-gateway","timestamp":"2025-11-16T09:47:18.985Z"}
{"level":"info","message":"API Gateway running on port 8000","service":"api-gateway","timestamp":"2025-11-16T09:50:52.876Z"}
{"level":"info","message":"Identity Service URL: http://localhost:8001","service":"api-gateway","timestamp":"2025-11-16T09:50:52.890Z"}
{"level":"info","message":"Redis URL: redis://localhost:6379","service":"api-gateway","timestamp":"2025-11-16T09:50:52.895Z"}
{"level":"info","message":"Received POST request to /v1/auth/register - IP: ::ffff:127.0.0.1","service":"api-gateway","timestamp":"2025-11-16T09:50:57.187Z"}
{"level":"info","message":"Request body: {\"username\":\"admin1\",\"email\":\"admicom@gmail.com\",\"password\":\"000000\"}","service":"api-gateway","timestamp":"2025-11-16T09:50:57.189Z"}
{"level":"info","message":"Identity Response Status: 400","service":"api-gateway","timestamp":"2025-11-16T09:50:57.228Z"}
{"level":"info","message":"API Gateway running on port 8000","service":"api-gateway","timestamp":"2025-11-16T09:53:38.562Z"}
{"level":"info","message":"Identity Service URL: http://localhost:8001","service":"api-gateway","timestamp":"2025-11-16T09:53:38.574Z"}
{"level":"info","message":"Redis URL: redis://localhost:6379","service":"api-gateway","timestamp":"2025-11-16T09:53:38.578Z"}
{"level":"info","message":"Received POST request to /v1/auth/register - IP: ::ffff:127.0.0.1","service":"api-gateway","timestamp":"2025-11-16T09:53:42.043Z"}
{"level":"info","message":"Request body: {\"username\":\"admin1\",\"email\":\"admicom@gmail.com\",\"password\":\"000000\"}","service":"api-gateway","timestamp":"2025-11-16T09:53:42.062Z"}
{"level":"info","message":"Identity Response Status: 400","service":"api-gateway","timestamp":"2025-11-16T09:53:42.124Z"}
{"level":"info","message":"API Gateway running on port 8000","service":"api-gateway","timestamp":"2025-11-16T09:56:25.522Z"}
{"level":"info","message":"Identity Service URL: http://localhost:8001","service":"api-gateway","timestamp":"2025-11-16T09:56:25.528Z"}
{"level":"info","message":"Redis URL: redis://localhost:6379","service":"api-gateway","timestamp":"2025-11-16T09:56:25.530Z"}
{"level":"info","message":"Received POST request to /v1/auth/register - IP: ::ffff:127.0.0.1","service":"api-gateway","timestamp":"2025-11-16T09:56:36.912Z"}
{"level":"info","message":"Request body: [object Object]","service":"api-gateway","timestamp":"2025-11-16T09:56:36.913Z"}
{"level":"info","message":"Response from Identity Service:","service":"api-gateway","timestamp":"2025-11-16T09:56:36.942Z"}
{"level":"info","message":"API Gateway running on port 8000","service":"api-gateway","timestamp":"2025-11-16T09:57:50.031Z"}
{"level":"info","message":"Identity Service URL: http://localhost:8001","service":"api-gateway","timestamp":"2025-11-16T09:57:50.049Z"}
{"level":"info","message":"Redis URL: redis://localhost:6379","service":"api-gateway","timestamp":"2025-11-16T09:57:50.052Z"}
{"level":"info","message":"API Gateway running on port 8000","service":"api-gateway","timestamp":"2025-11-16T09:58:01.525Z"}
{"level":"info","message":"Identity Service URL: http://localhost:8001","service":"api-gateway","timestamp":"2025-11-16T09:58:01.533Z"}
{"level":"info","message":"Redis URL: redis://localhost:6379","service":"api-gateway","timestamp":"2025-11-16T09:58:01.535Z"}
{"level":"info","message":"Received POST request to /v1/auth/register - IP: ::ffff:127.0.0.1","service":"api-gateway","timestamp":"2025-11-16T09:59:00.866Z"}
{"level":"info","message":"Request body: [object Object]","service":"api-gateway","timestamp":"2025-11-16T09:59:00.868Z"}
{"level":"info","message":"Rewriting path: /v1/auth/register → /api/auth/register","service":"api-gateway","timestamp":"2025-11-16T09:59:00.876Z"}
{"level":"info","message":"Identity Response Status: 400","service":"api-gateway","timestamp":"2025-11-16T09:59:01.081Z"}
{"level":"info","message":"API Gateway running on port 8000","service":"api-gateway","timestamp":"2025-11-16T09:59:17.012Z"}
{"level":"info","message":"Identity Service URL: http://localhost:8001","service":"api-gateway","timestamp":"2025-11-16T09:59:17.020Z"}
{"level":"info","message":"Redis URL: redis://localhost:6379","service":"api-gateway","timestamp":"2025-11-16T09:59:17.022Z"}
{"level":"info","message":"API Gateway running on port 8000","service":"api-gateway","timestamp":"2025-11-16T10:27:31.096Z"}
{"level":"info","message":"Identity Service URL: http://localhost:8001","service":"api-gateway","timestamp":"2025-11-16T10:27:31.127Z"}
{"level":"info","message":"Redis URL: redis://localhost:6379","service":"api-gateway","timestamp":"2025-11-16T10:27:31.130Z"}
{"level":"info","message":"API Gateway running on port 8000","service":"api-gateway","timestamp":"2025-11-16T10:27:41.326Z"}
{"level":"info","message":"Identity Service URL: http://localhost:8001","service":"api-gateway","timestamp":"2025-11-16T10:27:41.334Z"}
{"level":"info","message":"Redis URL: redis://localhost:6379","service":"api-gateway","timestamp":"2025-11-16T10:27:41.336Z"}
{"level":"info","message":"API Gateway running on port 8000","service":"api-gateway","timestamp":"2025-11-16T10:28:16.182Z"}
{"level":"info","message":"Identity Service URL: http://localhost:8001","service":"api-gateway","timestamp":"2025-11-16T10:28:16.187Z"}
{"level":"info","message":"Redis URL: redis://localhost:6379","service":"api-gateway","timestamp":"2025-11-16T10:28:16.195Z"}
{"level":"info","message":"Received POST request to /v1/auth/register - IP: ::ffff:127.0.0.1","service":"api-gateway","timestamp":"2025-11-16T10:28:22.231Z"}
{"level":"info","message":"Request body: [object Object]","service":"api-gateway","timestamp":"2025-11-16T10:28:22.232Z"}
{"level":"info","message":"Rewriting path: /v1/auth/register → /api/auth/register","service":"api-gateway","timestamp":"2025-11-16T10:28:22.235Z"}
{"level":"info","message":"Identity Response Status: 400","service":"api-gateway","timestamp":"2025-11-16T10:28:22.381Z"}
{"level":"info","message":"Received POST request to /v1/auth/register - IP: ::ffff:127.0.0.1","service":"api-gateway","timestamp":"2025-11-16T10:28:23.711Z"}
{"level":"info","message":"Request body: [object Object]","service":"api-gateway","timestamp":"2025-11-16T10:28:23.764Z"}
{"level":"info","message":"Rewriting path: /v1/auth/register → /api/auth/register","service":"api-gateway","timestamp":"2025-11-16T10:28:23.787Z"}
{"level":"info","message":"Identity Response Status: 400","service":"api-gateway","timestamp":"2025-11-16T10:28:23.864Z"}
{"level":"info","message":"Received POST request to /v1/auth/login - IP: ::ffff:127.0.0.1","service":"api-gateway","timestamp":"2025-11-16T10:45:18.644Z"}
{"level":"info","message":"Request body: [object Object]","service":"api-gateway","timestamp":"2025-11-16T10:45:18.646Z"}
{"level":"info","message":"Rewriting path: /v1/auth/login → /api/auth/login","service":"api-gateway","timestamp":"2025-11-16T10:45:18.647Z"}
{"level":"info","message":"Identity Response Status: 401","service":"api-gateway","timestamp":"2025-11-16T10:45:18.782Z"}
{"level":"info","message":"Received POST request to /v1/auth/login - IP: ::ffff:127.0.0.1","service":"api-gateway","timestamp":"2025-11-16T10:45:23.249Z"}
{"level":"info","message":"Request body: [object Object]","service":"api-gateway","timestamp":"2025-11-16T10:45:23.251Z"}
{"level":"info","message":"Rewriting path: /v1/auth/login → /api/auth/login","service":"api-gateway","timestamp":"2025-11-16T10:45:23.253Z"}
{"level":"info","message":"Identity Response Status: 401","service":"api-gateway","timestamp":"2025-11-16T10:45:23.278Z"}
{"level":"info","message":"Received POST request to /v1/auth/login - IP: ::ffff:127.0.0.1","service":"api-gateway","timestamp":"2025-11-16T10:45:51.207Z"}
{"level":"info","message":"Request body: [object Object]","service":"api-gateway","timestamp":"2025-11-16T10:45:51.211Z"}
{"level":"info","message":"Rewriting path: /v1/auth/login → /api/auth/login","service":"api-gateway","timestamp":"2025-11-16T10:45:51.213Z"}
{"level":"info","message":"Identity Response Status: 401","service":"api-gateway","timestamp":"2025-11-16T10:45:51.284Z"}
{"level":"info","message":"Received POST request to /v1/auth/login - IP: ::ffff:127.0.0.1","service":"api-gateway","timestamp":"2025-11-16T10:46:14.565Z"}
{"level":"info","message":"Request body: [object Object]","service":"api-gateway","timestamp":"2025-11-16T10:46:14.571Z"}
{"level":"info","message":"Rewriting path: /v1/auth/login → /api/auth/login","service":"api-gateway","timestamp":"2025-11-16T10:46:14.572Z"}
{"level":"info","message":"Identity Response Status: 401","service":"api-gateway","timestamp":"2025-11-16T10:46:14.649Z"}
{"level":"info","message":"API Gateway running on port 8000","service":"api-gateway","timestamp":"2025-11-16T10:47:17.679Z"}
{"level":"info","message":"Identity Service URL: http://localhost:8001","service":"api-gateway","timestamp":"2025-11-16T10:47:17.693Z"}
{"level":"info","message":"Redis URL: redis://localhost:6379","service":"api-gateway","timestamp":"2025-11-16T10:47:17.695Z"}
{"level":"info","message":"Received POST request to /v1/auth/login - IP: ::ffff:127.0.0.1","service":"api-gateway","timestamp":"2025-11-16T10:47:20.729Z"}
{"level":"info","message":"Request body: [object Object]","service":"api-gateway","timestamp":"2025-11-16T10:47:20.731Z"}
{"level":"info","message":"Received POST request to /v1/auth/login - IP: ::ffff:127.0.0.1","service":"api-gateway","timestamp":"2025-11-16T10:47:20.735Z"}
{"level":"info","message":"Request body: [object Object]","service":"api-gateway","timestamp":"2025-11-16T10:47:20.746Z"}
{"level":"info","message":"Rewriting path: /v1/auth/login → /api/auth/login","service":"api-gateway","timestamp":"2025-11-16T10:47:20.762Z"}
{"level":"info","message":"Rewriting path: /v1/auth/login → /api/auth/login","service":"api-gateway","timestamp":"2025-11-16T10:47:20.765Z"}
{"level":"info","message":"Identity Response Status: 401","service":"api-gateway","timestamp":"2025-11-16T10:47:21.179Z"}
{"level":"info","message":"Identity Response Status: 401","service":"api-gateway","timestamp":"2025-11-16T10:47:21.229Z"}
{"level":"info","message":"API Gateway running on port 8000","service":"api-gateway","timestamp":"2025-11-16T10:48:37.566Z"}
{"level":"info","message":"Identity Service URL: http://localhost:8001","service":"api-gateway","timestamp":"2025-11-16T10:48:37.576Z"}
{"level":"info","message":"Redis URL: redis://localhost:6379","service":"api-gateway","timestamp":"2025-11-16T10:48:37.577Z"}
{"level":"info","message":"Received POST request to /v1/auth/login - IP: ::ffff:127.0.0.1","service":"api-gateway","timestamp":"2025-11-16T10:48:51.232Z"}
{"level":"info","message":"Request body: [object Object]","service":"api-gateway","timestamp":"2025-11-16T10:48:51.236Z"}
{"level":"info","message":"Rewriting path: /v1/auth/login → /api/auth/login","service":"api-gateway","timestamp":"2025-11-16T10:48:51.246Z"}
{"level":"info","message":"Identity Response Status: 401","service":"api-gateway","timestamp":"2025-11-16T10:48:51.460Z"}
{"level":"info","message":"API Gateway running on port 8000","service":"api-gateway","timestamp":"2025-11-16T10:50:16.469Z"}
{"level":"info","message":"Identity Service URL: http://localhost:8001","service":"api-gateway","timestamp":"2025-11-16T10:50:16.510Z"}
{"level":"info","message":"Redis URL: redis://localhost:6379","service":"api-gateway","timestamp":"2025-11-16T10:50:16.534Z"}
{"level":"info","message":"Received POST request to /v1/auth/login - IP: ::ffff:127.0.0.1","service":"api-gateway","timestamp":"2025-11-16T10:50:25.453Z"}
{"level":"info","message":"Request body: [object Object]","service":"api-gateway","timestamp":"2025-11-16T10:50:25.471Z"}
{"level":"info","message":"Rewriting path: /v1/auth/login → /api/auth/login","service":"api-gateway","timestamp":"2025-11-16T10:50:25.545Z"}
{"code":"ECONNREFUSED","level":"error","message":"Proxy error: ","service":"api-gateway","stack":"AggregateError [ECONNREFUSED]: \n    at internalConnectMultiple (node:net:1139:18)\n    at afterConnectMultiple (node:net:1714:7)","timestamp":"2025-11-16T10:50:25.662Z"}
{"level":"info","message":"Received POST request to /v1/auth/login - IP: ::ffff:127.0.0.1","service":"api-gateway","timestamp":"2025-11-16T10:50:35.988Z"}
{"level":"info","message":"Request body: [object Object]","service":"api-gateway","timestamp":"2025-11-16T10:50:35.990Z"}
{"level":"info","message":"Rewriting path: /v1/auth/login → /api/auth/login","service":"api-gateway","timestamp":"2025-11-16T10:50:36.003Z"}
{"level":"info","message":"Identity Response Status: 401","service":"api-gateway","timestamp":"2025-11-16T10:50:36.689Z"}
{"level":"info","message":"API Gateway running on port 8000","service":"api-gateway","timestamp":"2025-11-16T10:51:46.155Z"}
{"level":"info","message":"Identity Service URL: http://localhost:8001","service":"api-gateway","timestamp":"2025-11-16T10:51:46.165Z"}
{"level":"info","message":"Redis URL: redis://localhost:6379","service":"api-gateway","timestamp":"2025-11-16T10:51:46.168Z"}
{"level":"info","message":"API Gateway running on port 8000","service":"api-gateway","timestamp":"2025-11-16T10:51:54.189Z"}
{"level":"info","message":"Identity Service URL: http://localhost:8001","service":"api-gateway","timestamp":"2025-11-16T10:51:54.199Z"}
{"level":"info","message":"Redis URL: redis://localhost:6379","service":"api-gateway","timestamp":"2025-11-16T10:51:54.201Z"}
{"level":"info","message":"API Gateway running on port 8000","service":"api-gateway","timestamp":"2025-11-16T10:52:01.403Z"}
{"level":"info","message":"Identity Service URL: http://localhost:8001","service":"api-gateway","timestamp":"2025-11-16T10:52:01.416Z"}
{"level":"info","message":"Redis URL: redis://localhost:6379","service":"api-gateway","timestamp":"2025-11-16T10:52:01.419Z"}
{"level":"info","message":"API Gateway running on port 8000","service":"api-gateway","timestamp":"2025-11-16T10:52:05.834Z"}
{"level":"info","message":"Identity Service URL: http://localhost:8001","service":"api-gateway","timestamp":"2025-11-16T10:52:05.839Z"}
{"level":"info","message":"Redis URL: redis://localhost:6379","service":"api-gateway","timestamp":"2025-11-16T10:52:05.840Z"}
{"level":"info","message":"API Gateway running on port 8000","service":"api-gateway","timestamp":"2025-11-16T10:52:22.518Z"}
{"level":"info","message":"Identity Service URL: http://localhost:8001","service":"api-gateway","timestamp":"2025-11-16T10:52:22.535Z"}
{"level":"info","message":"Redis URL: redis://localhost:6379","service":"api-gateway","timestamp":"2025-11-16T10:52:22.538Z"}
{"level":"info","message":"API Gateway running on port 8000","service":"api-gateway","timestamp":"2025-11-16T10:52:41.739Z"}
{"level":"info","message":"Identity Service URL: http://localhost:8001","service":"api-gateway","timestamp":"2025-11-16T10:52:41.749Z"}
{"level":"info","message":"Redis URL: redis://localhost:6379","service":"api-gateway","timestamp":"2025-11-16T10:52:41.751Z"}
{"level":"info","message":"API Gateway running on port 8000","service":"api-gateway","timestamp":"2025-11-16T10:52:50.360Z"}
{"level":"info","message":"Identity Service URL: http://localhost:8001","service":"api-gateway","timestamp":"2025-11-16T10:52:50.366Z"}
{"level":"info","message":"Redis URL: redis://localhost:6379","service":"api-gateway","timestamp":"2025-11-16T10:52:50.367Z"}
{"level":"info","message":"Received POST request to /v1/auth/login - IP: ::ffff:127.0.0.1","service":"api-gateway","timestamp":"2025-11-16T10:53:29.541Z"}
{"level":"info","message":"Request body: {\"email\":\"admin@gmail.com\",\"password\":\"admin\"}","service":"api-gateway","timestamp":"2025-11-16T10:53:29.555Z"}
{"level":"info","message":"Rewriting path: /v1/auth/login → /api/auth/login","service":"api-gateway","timestamp":"2025-11-16T10:53:29.617Z"}
{"level":"warn","message":"No body found in request, forwarding empty body","service":"api-gateway","timestamp":"2025-11-16T10:53:29.675Z"}
{"level":"info","message":"Identity Response Status: 401","service":"api-gateway","timestamp":"2025-11-16T10:53:29.820Z"}
{"level":"info","message":"API Gateway running on port 8000","service":"api-gateway","timestamp":"2025-11-16T10:54:30.841Z"}
{"level":"info","message":"Identity Service URL: http://localhost:8001","service":"api-gateway","timestamp":"2025-11-16T10:54:30.847Z"}
{"level":"info","message":"Redis URL: redis://localhost:6379","service":"api-gateway","timestamp":"2025-11-16T10:54:30.853Z"}
{"level":"info","message":"API Gateway running on port 8000","service":"api-gateway","timestamp":"2025-11-16T10:54:37.298Z"}
{"level":"info","message":"Identity Service URL: http://localhost:8001","service":"api-gateway","timestamp":"2025-11-16T10:54:37.312Z"}
{"level":"info","message":"Redis URL: redis://localhost:6379","service":"api-gateway","timestamp":"2025-11-16T10:54:37.314Z"}
{"level":"info","message":"API Gateway running on port 8000","service":"api-gateway","timestamp":"2025-11-16T10:54:43.852Z"}
{"level":"info","message":"Identity Service URL: http://localhost:8001","service":"api-gateway","timestamp":"2025-11-16T10:54:43.874Z"}
{"level":"info","message":"Redis URL: redis://localhost:6379","service":"api-gateway","timestamp":"2025-11-16T10:54:43.880Z"}
{"level":"info","message":"API Gateway running on port 8000","service":"api-gateway","timestamp":"2025-11-16T10:54:45.724Z"}
{"level":"info","message":"Identity Service URL: http://localhost:8001","service":"api-gateway","timestamp":"2025-11-16T10:54:45.731Z"}
{"level":"info","message":"Redis URL: redis://localhost:6379","service":"api-gateway","timestamp":"2025-11-16T10:54:45.739Z"}
{"level":"info","message":"API Gateway running on port 8000","service":"api-gateway","timestamp":"2025-11-16T10:54:54.763Z"}
{"level":"info","message":"Identity Service URL: http://localhost:8001","service":"api-gateway","timestamp":"2025-11-16T10:54:54.777Z"}
{"level":"info","message":"Redis URL: redis://localhost:6379","service":"api-gateway","timestamp":"2025-11-16T10:54:54.778Z"}
{"level":"info","message":"API Gateway running on port 8000","service":"api-gateway","timestamp":"2025-11-16T10:55:07.031Z"}
{"level":"info","message":"Identity Service URL: http://localhost:8001","service":"api-gateway","timestamp":"2025-11-16T10:55:07.058Z"}
{"level":"info","message":"Redis URL: redis://localhost:6379","service":"api-gateway","timestamp":"2025-11-16T10:55:07.061Z"}
{"level":"info","message":"Received POST request to /v1/auth/login - IP: ::ffff:127.0.0.1","service":"api-gateway","timestamp":"2025-11-16T10:55:12.065Z"}
{"level":"info","message":"Request body: {\"email\":\"admin@gmail.com\",\"password\":\"admin\"}","service":"api-gateway","timestamp":"2025-11-16T10:55:12.097Z"}
{"level":"info","message":"Rewriting path: /v1/auth/login → /api/auth/login","service":"api-gateway","timestamp":"2025-11-16T10:55:12.131Z"}
{"level":"info","message":"proxyReqBodyDecorator - bodyContent: object, srcReq.body exists: false, keys: none","service":"api-gateway","timestamp":"2025-11-16T10:55:12.174Z"}
{"level":"warn","message":"No body found - bodyContent: null, srcReq.body: null","service":"api-gateway","timestamp":"2025-11-16T10:55:12.181Z"}
{"level":"info","message":"Identity Response Status: 401","service":"api-gateway","timestamp":"2025-11-16T10:55:12.327Z"}
{"level":"info","message":"API Gateway running on port 8000","service":"api-gateway","timestamp":"2025-11-16T10:55:19.397Z"}
{"level":"info","message":"Identity Service URL: http://localhost:8001","service":"api-gateway","timestamp":"2025-11-16T10:55:19.445Z"}
{"level":"info","message":"Redis URL: redis://localhost:6379","service":"api-gateway","timestamp":"2025-11-16T10:55:19.493Z"}
{"level":"info","message":"API Gateway running on port 8000","service":"api-gateway","timestamp":"2025-11-16T10:55:22.347Z"}
{"level":"info","message":"Identity Service URL: http://localhost:8001","service":"api-gateway","timestamp":"2025-11-16T10:55:22.365Z"}
{"level":"info","message":"Redis URL: redis://localhost:6379","service":"api-gateway","timestamp":"2025-11-16T10:55:22.406Z"}
{"level":"info","message":"API Gateway running on port 8000","service":"api-gateway","timestamp":"2025-11-16T10:55:28.960Z"}
{"level":"info","message":"Identity Service URL: http://localhost:8001","service":"api-gateway","timestamp":"2025-11-16T10:55:28.978Z"}
{"level":"info","message":"Redis URL: redis://localhost:6379","service":"api-gateway","timestamp":"2025-11-16T10:55:28.980Z"}
{"level":"info","message":"API Gateway running on port 8000","service":"api-gateway","timestamp":"2025-11-16T10:55:36.204Z"}
{"level":"info","message":"Identity Service URL: http://localhost:8001","service":"api-gateway","timestamp":"2025-11-16T10:55:36.210Z"}
{"level":"info","message":"Redis URL: redis://localhost:6379","service":"api-gateway","timestamp":"2025-11-16T10:55:36.212Z"}
{"level":"info","message":"Received POST request to /v1/auth/login - IP: ::ffff:127.0.0.1","service":"api-gateway","timestamp":"2025-11-16T10:55:38.329Z"}
{"level":"info","message":"Request body: {\"email\":\"admin@gmail.com\",\"password\":\"admin\"}","service":"api-gateway","timestamp":"2025-11-16T10:55:38.332Z"}
{"level":"info","message":"Rewriting path: /v1/auth/login → /api/auth/login","service":"api-gateway","timestamp":"2025-11-16T10:55:38.342Z"}
{"level":"info","message":"Forwarding body to identity service: {\"email\":\"admin@gmail.com\",\"password\":\"admin\"}","service":"api-gateway","timestamp":"2025-11-16T10:55:38.345Z"}
{"level":"info","message":"Identity Response Status: 400","service":"api-gateway","timestamp":"2025-11-16T10:55:38.413Z"}
{"level":"info","message":"Received POST request to /v1/auth/login - IP: ::ffff:127.0.0.1","service":"api-gateway","timestamp":"2025-11-16T10:55:43.659Z"}
{"level":"info","message":"Request body: {\"email\":\"admin@gmail.com\",\"password\":\"admin\"}","service":"api-gateway","timestamp":"2025-11-16T10:55:43.660Z"}
{"level":"info","message":"Rewriting path: /v1/auth/login → /api/auth/login","service":"api-gateway","timestamp":"2025-11-16T10:55:43.663Z"}
{"level":"info","message":"Forwarding body to identity service: {\"email\":\"admin@gmail.com\",\"password\":\"admin\"}","service":"api-gateway","timestamp":"2025-11-16T10:55:43.664Z"}
{"level":"info","message":"Identity Response Status: 400","service":"api-gateway","timestamp":"2025-11-16T10:55:43.695Z"}
{"level":"info","message":"Received POST request to /v1/auth/login - IP: ::ffff:127.0.0.1","service":"api-gateway","timestamp":"2025-11-16T10:56:09.453Z"}
{"level":"info","message":"Request body: {\"email\":\"admin@gmail.com\",\"password\":\"admin\"}","service":"api-gateway","timestamp":"2025-11-16T10:56:09.454Z"}
{"level":"info","message":"Rewriting path: /v1/auth/login → /api/auth/login","service":"api-gateway","timestamp":"2025-11-16T10:56:09.456Z"}
{"level":"info","message":"Forwarding body to identity service: {\"email\":\"admin@gmail.com\",\"password\":\"admin\"}","service":"api-gateway","timestamp":"2025-11-16T10:56:09.456Z"}
{"level":"info","message":"Identity Response Status: 400","service":"api-gateway","timestamp":"2025-11-16T10:56:09.478Z"}
{"level":"info","message":"API Gateway running on port 8000","service":"api-gateway","timestamp":"2025-11-16T10:56:51.332Z"}
{"level":"info","message":"Identity Service URL: http://localhost:8001","service":"api-gateway","timestamp":"2025-11-16T10:56:51.350Z"}
{"level":"info","message":"Redis URL: redis://localhost:6379","service":"api-gateway","timestamp":"2025-11-16T10:56:51.362Z"}
{"level":"info","message":"API Gateway running on port 8000","service":"api-gateway","timestamp":"2025-11-16T10:56:59.015Z"}
{"level":"info","message":"Identity Service URL: http://localhost:8001","service":"api-gateway","timestamp":"2025-11-16T10:56:59.077Z"}
{"level":"info","message":"Redis URL: redis://localhost:6379","service":"api-gateway","timestamp":"2025-11-16T10:56:59.117Z"}
{"level":"info","message":"API Gateway running on port 8000","service":"api-gateway","timestamp":"2025-11-16T10:57:02.132Z"}
{"level":"info","message":"Identity Service URL: http://localhost:8001","service":"api-gateway","timestamp":"2025-11-16T10:57:02.148Z"}
{"level":"info","message":"Redis URL: redis://localhost:6379","service":"api-gateway","timestamp":"2025-11-16T10:57:02.150Z"}
{"level":"info","message":"API Gateway running on port 8000","service":"api-gateway","timestamp":"2025-11-16T10:57:17.932Z"}
{"level":"info","message":"Identity Service URL: http://localhost:8001","service":"api-gateway","timestamp":"2025-11-16T10:57:17.958Z"}
{"level":"info","message":"Redis URL: redis://localhost:6379","service":"api-gateway","timestamp":"2025-11-16T10:57:17.973Z"}
{"level":"info","message":"API Gateway running on port 8000","service":"api-gateway","timestamp":"2025-11-16T10:57:21.961Z"}
{"level":"info","message":"Identity Service URL: http://localhost:8001","service":"api-gateway","timestamp":"2025-11-16T10:57:22.002Z"}
{"level":"info","message":"Redis URL: redis://localhost:6379","service":"api-gateway","timestamp":"2025-11-16T10:57:22.015Z"}
{"level":"info","message":"API Gateway running on port 8000","service":"api-gateway","timestamp":"2025-11-16T10:57:25.251Z"}
{"level":"info","message":"Identity Service URL: http://localhost:8001","service":"api-gateway","timestamp":"2025-11-16T10:57:25.268Z"}
{"level":"info","message":"Redis URL: redis://localhost:6379","service":"api-gateway","timestamp":"2025-11-16T10:57:25.280Z"}
{"level":"info","message":"API Gateway running on port 8000","service":"api-gateway","timestamp":"2025-11-16T10:57:29.758Z"}
{"level":"info","message":"Identity Service URL: http://localhost:8001","service":"api-gateway","timestamp":"2025-11-16T10:57:29.780Z"}
{"level":"info","message":"Redis URL: redis://localhost:6379","service":"api-gateway","timestamp":"2025-11-16T10:57:29.802Z"}
{"level":"info","message":"API Gateway running on port 8000","service":"api-gateway","timestamp":"2025-11-16T10:57:36.523Z"}
{"level":"info","message":"Identity Service URL: http://localhost:8001","service":"api-gateway","timestamp":"2025-11-16T10:57:36.529Z"}
{"level":"info","message":"Redis URL: redis://localhost:6379","service":"api-gateway","timestamp":"2025-11-16T10:57:36.530Z"}
{"level":"info","message":"Received POST request to /v1/auth/login - IP: ::ffff:127.0.0.1","service":"api-gateway","timestamp":"2025-11-16T10:59:41.639Z"}
{"level":"info","message":"Rewriting path: /v1/auth/login → /api/auth/login","service":"api-gateway","timestamp":"2025-11-16T10:59:41.664Z"}
{"level":"info","message":"proxyReqBodyDecorator - bodyContent type: object, length: 53","service":"api-gateway","timestamp":"2025-11-16T10:59:41.668Z"}
{"level":"info","message":"Forwarding body to identity service: {\n  \"email\":\"admin@gmail.com\",\n  \"password\":\"admin\"\n}","service":"api-gateway","timestamp":"2025-11-16T10:59:41.670Z"}
{"level":"info","message":"Identity Response Status: 400","service":"api-gateway","timestamp":"2025-11-16T10:59:41.703Z"}
{"level":"info","message":"API Gateway running on port 8000","service":"api-gateway","timestamp":"2025-11-16T11:11:52.175Z"}
{"level":"info","message":"Identity Service URL: http://localhost:8001","service":"api-gateway","timestamp":"2025-11-16T11:11:52.187Z"}
{"level":"info","message":"Redis URL: redis://localhost:6379","service":"api-gateway","timestamp":"2025-11-16T11:11:52.188Z"}
{"level":"info","message":"Received POST request to /v1/auth/login - IP: ::ffff:127.0.0.1","service":"api-gateway","timestamp":"2025-11-16T11:11:57.608Z"}
{"level":"info","message":"Request body: [object Object]","service":"api-gateway","timestamp":"2025-11-16T11:11:57.615Z"}
{"level":"info","message":"Rewriting path: /v1/auth/login → /api/auth/login","service":"api-gateway","timestamp":"2025-11-16T11:11:57.624Z"}
{"level":"info","message":"Identity Response Status: 401","service":"api-gateway","timestamp":"2025-11-16T11:11:57.757Z"}
{"level":"info","message":"API Gateway running on port 8000","service":"api-gateway","timestamp":"2025-11-16T11:14:15.736Z"}
{"level":"info","message":"Identity Service URL: http://localhost:8001","service":"api-gateway","timestamp":"2025-11-16T11:14:15.743Z"}
{"level":"info","message":"Redis URL: redis://localhost:6379","service":"api-gateway","timestamp":"2025-11-16T11:14:15.745Z"}
{"level":"info","message":"Received POST request to /v1/auth/login - IP: ::ffff:127.0.0.1","service":"api-gateway","timestamp":"2025-11-16T11:14:19.257Z"}
{"level":"info","message":"Request body: [object Object]","service":"api-gateway","timestamp":"2025-11-16T11:14:19.262Z"}
{"level":"info","message":"API Gateway running on port 8000","service":"api-gateway","timestamp":"2025-11-16T11:14:27.238Z"}
{"level":"info","message":"Identity Service URL: http://localhost:8001","service":"api-gateway","timestamp":"2025-11-16T11:14:27.245Z"}
{"level":"info","message":"Redis URL: redis://localhost:6379","service":"api-gateway","timestamp":"2025-11-16T11:14:27.246Z"}
{"level":"info","message":"Received POST request to /v1/auth/login - IP: ::ffff:127.0.0.1","service":"api-gateway","timestamp":"2025-11-16T11:14:29.440Z"}
{"level":"info","message":"Request body: [object Object]","service":"api-gateway","timestamp":"2025-11-16T11:14:29.443Z"}
{"level":"info","message":"Rewriting path: /v1/auth/login → /api/auth/login","service":"api-gateway","timestamp":"2025-11-16T11:14:29.448Z"}
{"level":"info","message":"Identity Response Status: 401","service":"api-gateway","timestamp":"2025-11-16T11:14:29.523Z"}
{"level":"info","message":"API Gateway running on port 8000","service":"api-gateway","timestamp":"2025-11-16T11:14:46.026Z"}
{"level":"info","message":"Identity Service URL: http://localhost:8001","service":"api-gateway","timestamp":"2025-11-16T11:14:46.036Z"}
{"level":"info","message":"Redis URL: redis://localhost:6379","service":"api-gateway","timestamp":"2025-11-16T11:14:46.038Z"}
{"level":"info","message":"Received POST request to /v1/auth/login - IP: ::ffff:127.0.0.1","service":"api-gateway","timestamp":"2025-11-16T11:14:48.971Z"}
{"level":"info","message":"Request body: [object Object]","service":"api-gateway","timestamp":"2025-11-16T11:14:48.974Z"}
{"level":"info","message":"API Gateway running on port 8000","service":"api-gateway","timestamp":"2025-11-16T11:15:04.206Z"}
{"level":"info","message":"Identity Service URL: http://localhost:8001","service":"api-gateway","timestamp":"2025-11-16T11:15:04.220Z"}
{"level":"info","message":"Redis URL: redis://localhost:6379","service":"api-gateway","timestamp":"2025-11-16T11:15:04.223Z"}
{"level":"info","message":"Received POST request to /v1/auth/login - IP: ::ffff:127.0.0.1","service":"api-gateway","timestamp":"2025-11-16T11:15:05.451Z"}
{"level":"info","message":"Request body: [object Object]","service":"api-gateway","timestamp":"2025-11-16T11:15:05.455Z"}
{"level":"info","message":"Rewriting path: /v1/auth/login → /api/auth/login","service":"api-gateway","timestamp":"2025-11-16T11:15:05.469Z"}
{"level":"info","message":"Forwarding body: {\"email\":\"admin@gmail.com\",\"password\":\"admin\"}","service":"api-gateway","timestamp":"2025-11-16T11:15:05.474Z"}
{"level":"info","message":"Identity Response Status: 400","service":"api-gateway","timestamp":"2025-11-16T11:15:05.560Z"}
{"level":"info","message":"API Gateway running on port 8000","service":"api-gateway","timestamp":"2025-11-16T11:15:14.494Z"}
{"level":"info","message":"Identity Service URL: http://localhost:8001","service":"api-gateway","timestamp":"2025-11-16T11:15:14.509Z"}
{"level":"info","message":"Redis URL: redis://localhost:6379","service":"api-gateway","timestamp":"2025-11-16T11:15:14.511Z"}
{"level":"info","message":"Received POST request to /v1/auth/login - IP: ::ffff:127.0.0.1","service":"api-gateway","timestamp":"2025-11-16T11:15:16.391Z"}
{"level":"info","message":"Request body: [object Object]","service":"api-gateway","timestamp":"2025-11-16T11:15:16.392Z"}
{"level":"info","message":"Rewriting path: /v1/auth/login → /api/auth/login","service":"api-gateway","timestamp":"2025-11-16T11:15:16.398Z"}
{"level":"info","message":"Identity Response Status: 401","service":"api-gateway","timestamp":"2025-11-16T11:15:16.546Z"}
{"level":"info","message":"API Gateway running on port 8000","service":"api-gateway","timestamp":"2025-11-16T11:15:41.872Z"}
{"level":"info","message":"Identity Service URL: http://localhost:8001","service":"api-gateway","timestamp":"2025-11-16T11:15:41.879Z"}
{"level":"info","message":"Redis URL: redis://localhost:6379","service":"api-gateway","timestamp":"2025-11-16T11:15:41.881Z"}
{"level":"info","message":"Received POST request to /v1/auth/login - IP: ::ffff:127.0.0.1","service":"api-gateway","timestamp":"2025-11-16T11:15:50.222Z"}
{"level":"info","message":"Request body: [object Object]","service":"api-gateway","timestamp":"2025-11-16T11:15:50.311Z"}
{"level":"info","message":"Received POST request to /v1/auth/login - IP: ::ffff:127.0.0.1","service":"api-gateway","timestamp":"2025-11-16T11:15:54.886Z"}
{"level":"info","message":"Request body: [object Object]","service":"api-gateway","timestamp":"2025-11-16T11:15:54.890Z"}
{"level":"info","message":"API Gateway running on port 8000","service":"api-gateway","timestamp":"2025-11-16T11:16:27.850Z"}
{"level":"info","message":"Identity Service URL: http://localhost:8001","service":"api-gateway","timestamp":"2025-11-16T11:16:27.857Z"}
{"level":"info","message":"Redis URL: redis://localhost:6379","service":"api-gateway","timestamp":"2025-11-16T11:16:27.858Z"}
{"level":"info","message":"API Gateway running on port 8000","service":"api-gateway","timestamp":"2025-11-16T11:16:46.505Z"}
{"level":"info","message":"Identity Service URL: http://localhost:8001","service":"api-gateway","timestamp":"2025-11-16T11:16:46.511Z"}
{"level":"info","message":"Redis URL: redis://localhost:6379","service":"api-gateway","timestamp":"2025-11-16T11:16:46.512Z"}
{"level":"info","message":"Received POST request to /v1/auth/login - IP: ::ffff:127.0.0.1","service":"api-gateway","timestamp":"2025-11-16T11:16:53.776Z"}
{"level":"info","message":"Request body: [object Object]","service":"api-gateway","timestamp":"2025-11-16T11:16:53.780Z"}
{"level":"info","message":"Rewriting path: /v1/auth/login → /api/auth/login","service":"api-gateway","timestamp":"2025-11-16T11:16:53.790Z"}
{"level":"info","message":"Identity Response Status: 400","service":"api-gateway","timestamp":"2025-11-16T11:16:53.816Z"}
{"level":"info","message":"API Gateway running on port 8000","service":"api-gateway","timestamp":"2025-11-16T11:17:10.766Z"}
{"level":"info","message":"Identity Service URL: http://localhost:8001","service":"api-gateway","timestamp":"2025-11-16T11:17:10.778Z"}
{"level":"info","message":"Redis URL: redis://localhost:6379","service":"api-gateway","timestamp":"2025-11-16T11:17:10.780Z"}
{"level":"info","message":"Received POST request to /v1/auth/login - IP: ::ffff:127.0.0.1","service":"api-gateway","timestamp":"2025-11-16T11:17:11.614Z"}
{"level":"info","message":"Request body: [object Object]","service":"api-gateway","timestamp":"2025-11-16T11:17:11.617Z"}
{"level":"info","message":"Rewriting path: /v1/auth/login → /api/auth/login","service":"api-gateway","timestamp":"2025-11-16T11:17:11.627Z"}
{"level":"info","message":"Identity Response Status: 401","service":"api-gateway","timestamp":"2025-11-16T11:17:11.843Z"}
{"level":"info","message":"API Gateway running on port 8000","service":"api-gateway","timestamp":"2025-11-16T11:17:39.631Z"}
{"level":"info","message":"Identity Service URL: http://localhost:8001","service":"api-gateway","timestamp":"2025-11-16T11:17:39.641Z"}
{"level":"info","message":"Redis URL: redis://localhost:6379","service":"api-gateway","timestamp":"2025-11-16T11:17:39.643Z"}
{"level":"info","message":"API Gateway running on port 8000","service":"api-gateway","timestamp":"2025-11-16T11:19:19.517Z"}
{"level":"info","message":"Identity Service URL: http://localhost:8001","service":"api-gateway","timestamp":"2025-11-16T11:19:19.534Z"}
{"level":"info","message":"Redis URL: redis://localhost:6379","service":"api-gateway","timestamp":"2025-11-16T11:19:19.536Z"}
{"level":"info","message":"Received POST request to /v1/auth/register - IP: ::ffff:127.0.0.1","service":"api-gateway","timestamp":"2025-11-16T12:58:45.855Z"}
{"level":"info","message":"Request body: [object Object]","service":"api-gateway","timestamp":"2025-11-16T12:58:45.858Z"}
{"level":"info","message":"API Gateway running on port 8000","service":"api-gateway","timestamp":"2025-11-16T12:59:42.372Z"}
{"level":"info","message":"Identity Service URL: http://localhost:8001","service":"api-gateway","timestamp":"2025-11-16T12:59:42.416Z"}
{"level":"info","message":"Redis URL: redis://localhost:6379","service":"api-gateway","timestamp":"2025-11-16T12:59:42.425Z"}
{"level":"info","message":"API Gateway running on port 8000","service":"api-gateway","timestamp":"2025-11-16T12:59:48.054Z"}
{"level":"info","message":"Identity Service URL: http://localhost:8001","service":"api-gateway","timestamp":"2025-11-16T12:59:48.072Z"}
{"level":"info","message":"Redis URL: redis://localhost:6379","service":"api-gateway","timestamp":"2025-11-16T12:59:48.092Z"}
{"level":"info","message":"API Gateway running on port 8000","service":"api-gateway","timestamp":"2025-11-16T12:59:51.661Z"}
{"level":"info","message":"Identity Service URL: http://localhost:8001","service":"api-gateway","timestamp":"2025-11-16T12:59:51.690Z"}
{"level":"info","message":"Redis URL: redis://localhost:6379","service":"api-gateway","timestamp":"2025-11-16T12:59:51.692Z"}
{"level":"info","message":"API Gateway running on port 8000","service":"api-gateway","timestamp":"2025-11-16T12:59:56.810Z"}
{"level":"info","message":"Identity Service URL: http://localhost:8001","service":"api-gateway","timestamp":"2025-11-16T12:59:56.819Z"}
{"level":"info","message":"Redis URL: redis://localhost:6379","service":"api-gateway","timestamp":"2025-11-16T12:59:56.821Z"}
{"level":"info","message":"API Gateway running on port 8000","service":"api-gateway","timestamp":"2025-11-16T13:00:07.995Z"}
{"level":"info","message":"Identity Service URL: http://localhost:8001","service":"api-gateway","timestamp":"2025-11-16T13:00:08.005Z"}
{"level":"info","message":"Redis URL: redis://localhost:6379","service":"api-gateway","timestamp":"2025-11-16T13:00:08.007Z"}
{"level":"info","message":"Received POST request to /v1/auth/register - IP: ::ffff:127.0.0.1","service":"api-gateway","timestamp":"2025-11-16T13:00:21.093Z"}
{"level":"info","message":"Request body: {\"username\":\"admin\",\"email\":\"admi@gmail.com\",\"password\":\"admin\"}","service":"api-gateway","timestamp":"2025-11-16T13:00:21.094Z"}
{"level":"info","message":"Setting Content-Length: 64","service":"api-gateway","timestamp":"2025-11-16T13:00:21.102Z"}
{"level":"info","message":"proxyReqBodyDecorator - parsedBody: true, body: false, bodyContent: false","service":"api-gateway","timestamp":"2025-11-16T13:00:21.105Z"}
{"level":"info","message":"Forwarding body to identity service: {\"username\":\"admin\",\"email\":\"admi@gmail.com\",\"password\":\"admin\"}","service":"api-gateway","timestamp":"2025-11-16T13:00:21.106Z"}
{"level":"info","message":"Identity Response Status: 400","service":"api-gateway","timestamp":"2025-11-16T13:00:21.140Z"}
{"level":"info","message":"Received POST request to /v1/auth/login - IP: ::ffff:127.0.0.1","service":"api-gateway","timestamp":"2025-11-16T13:00:25.159Z"}
{"level":"info","message":"Request body: {\"email\":\"admin@gmail.com\",\"password\":\"admin\"}","service":"api-gateway","timestamp":"2025-11-16T13:00:25.167Z"}
{"level":"info","message":"Setting Content-Length: 46","service":"api-gateway","timestamp":"2025-11-16T13:00:25.170Z"}
{"level":"info","message":"proxyReqBodyDecorator - parsedBody: true, body: false, bodyContent: false","service":"api-gateway","timestamp":"2025-11-16T13:00:25.172Z"}
{"level":"info","message":"Forwarding body to identity service: {\"email\":\"admin@gmail.com\",\"password\":\"admin\"}","service":"api-gateway","timestamp":"2025-11-16T13:00:25.175Z"}
{"level":"info","message":"Identity Response Status: 400","service":"api-gateway","timestamp":"2025-11-16T13:00:25.193Z"}
{"level":"info","message":"API Gateway running on port 8000","service":"api-gateway","timestamp":"2025-11-16T13:00:46.517Z"}
{"level":"info","message":"Identity Service URL: http://localhost:8001","service":"api-gateway","timestamp":"2025-11-16T13:00:46.522Z"}
{"level":"info","message":"Redis URL: redis://localhost:6379","service":"api-gateway","timestamp":"2025-11-16T13:00:46.524Z"}
{"level":"info","message":"Received POST request to /v1/auth/login - IP: ::ffff:127.0.0.1","service":"api-gateway","timestamp":"2025-11-16T13:00:50.343Z"}
{"level":"info","message":"Request body: {\"email\":\"admin@gmail.com\",\"password\":\"admin\"}","service":"api-gateway","timestamp":"2025-11-16T13:00:50.345Z"}
{"level":"info","message":"Setting Content-Length: 46","service":"api-gateway","timestamp":"2025-11-16T13:00:50.353Z"}
{"level":"info","message":"proxyReqBodyDecorator - parsedBody: true, body: false, bodyContent: false","service":"api-gateway","timestamp":"2025-11-16T13:00:50.358Z"}
{"level":"info","message":"Forwarding body to identity service: {\"email\":\"admin@gmail.com\",\"password\":\"admin\"}","service":"api-gateway","timestamp":"2025-11-16T13:00:50.359Z"}
{"level":"info","message":"Identity Response Status: 400","service":"api-gateway","timestamp":"2025-11-16T13:00:50.421Z"}
{"level":"info","message":"API Gateway running on port 8000","service":"api-gateway","timestamp":"2025-11-16T13:01:59.844Z"}
{"level":"info","message":"Identity Service URL: http://localhost:8001","service":"api-gateway","timestamp":"2025-11-16T13:01:59.855Z"}
{"level":"info","message":"Redis URL: redis://localhost:6379","service":"api-gateway","timestamp":"2025-11-16T13:01:59.859Z"}
{"level":"info","message":"API Gateway running on port 8000","service":"api-gateway","timestamp":"2025-11-16T13:02:14.893Z"}
{"level":"info","message":"Identity Service URL: http://localhost:8001","service":"api-gateway","timestamp":"2025-11-16T13:02:14.901Z"}
{"level":"info","message":"Redis URL: redis://localhost:6379","service":"api-gateway","timestamp":"2025-11-16T13:02:14.902Z"}
{"level":"info","message":"API Gateway running on port 8000","service":"api-gateway","timestamp":"2025-11-16T13:02:33.387Z"}
{"level":"info","message":"Identity Service URL: http://localhost:8001","service":"api-gateway","timestamp":"2025-11-16T13:02:33.423Z"}
{"level":"info","message":"Redis URL: redis://localhost:6379","service":"api-gateway","timestamp":"2025-11-16T13:02:33.428Z"}
{"level":"info","message":"API Gateway running on port 8000","service":"api-gateway","timestamp":"2025-11-16T13:03:10.705Z"}
{"level":"info","message":"Identity Service URL: http://localhost:8001","service":"api-gateway","timestamp":"2025-11-16T13:03:10.720Z"}
{"level":"info","message":"Redis URL: redis://localhost:6379","service":"api-gateway","timestamp":"2025-11-16T13:03:10.724Z"}
{"level":"info","message":"API Gateway running on port 8000","service":"api-gateway","timestamp":"2025-11-16T13:03:27.277Z"}
{"level":"info","message":"Identity Service URL: http://localhost:8001","service":"api-gateway","timestamp":"2025-11-16T13:03:27.290Z"}
{"level":"info","message":"Redis URL: redis://localhost:6379","service":"api-gateway","timestamp":"2025-11-16T13:03:27.292Z"}
{"level":"info","message":"API Gateway running on port 8000","service":"api-gateway","timestamp":"2025-11-16T13:03:36.928Z"}
{"level":"info","message":"Identity Service URL: http://localhost:8001","service":"api-gateway","timestamp":"2025-11-16T13:03:36.939Z"}
{"level":"info","message":"Redis URL: redis://localhost:6379","service":"api-gateway","timestamp":"2025-11-16T13:03:36.941Z"}
{"level":"info","message":"Received POST request to /v1/auth/login - IP: ::ffff:127.0.0.1","service":"api-gateway","timestamp":"2025-11-16T13:03:47.206Z"}
{"level":"info","message":"Request body: {\"email\":\"admin@gmail.com\",\"password\":\"admin\"}","service":"api-gateway","timestamp":"2025-11-16T13:03:47.208Z"}
{"level":"info","message":"Received POST request to /v1/auth/register - IP: ::ffff:127.0.0.1","service":"api-gateway","timestamp":"2025-11-16T13:04:04.396Z"}
{"level":"info","message":"Request body: {\"username\":\"admin\",\"email\":\"admi@gmail.com\",\"password\":\"admin\"}","service":"api-gateway","timestamp":"2025-11-16T13:04:04.397Z"}
{"level":"info","message":"API Gateway running on port 8000","service":"api-gateway","timestamp":"2025-11-16T13:04:33.679Z"}
{"level":"info","message":"Identity Service URL: http://localhost:8001","service":"api-gateway","timestamp":"2025-11-16T13:04:33.684Z"}
{"level":"info","message":"Redis URL: redis://localhost:6379","service":"api-gateway","timestamp":"2025-11-16T13:04:33.686Z"}
{"level":"info","message":"Received POST request to /v1/auth/register - IP: ::ffff:127.0.0.1","service":"api-gateway","timestamp":"2025-11-16T13:04:45.426Z"}
{"level":"info","message":"Request body: {\"username\":\"admin\",\"email\":\"admi@gmail.com\",\"password\":\"admin\"}","service":"api-gateway","timestamp":"2025-11-16T13:04:45.428Z"}
{"level":"info","message":"API Gateway running on port 8000","service":"api-gateway","timestamp":"2025-11-16T13:05:47.860Z"}
{"level":"info","message":"Identity Service URL: http://localhost:8001","service":"api-gateway","timestamp":"2025-11-16T13:05:47.869Z"}
{"level":"info","message":"Redis URL: redis://localhost:6379","service":"api-gateway","timestamp":"2025-11-16T13:05:47.871Z"}
{"level":"info","message":"API Gateway running on port 8000","service":"api-gateway","timestamp":"2025-11-16T13:12:01.096Z"}
{"level":"info","message":"Identity Service URL: http://localhost:8001","service":"api-gateway","timestamp":"2025-11-16T13:12:01.109Z"}
{"level":"info","message":"Redis URL: redis://localhost:6379","service":"api-gateway","timestamp":"2025-11-16T13:12:01.110Z"}
{"level":"info","message":"Received POST request to /v1/auth/login - IP: ::ffff:127.0.0.1","service":"api-gateway","timestamp":"2025-11-16T13:12:15.344Z"}
{"level":"info","message":"Request body: [object Object]","service":"api-gateway","timestamp":"2025-11-16T13:12:15.345Z"}
{"level":"info","message":"Received POST request to /auth/login - IP: ::ffff:127.0.0.1","service":"api-gateway","timestamp":"2025-11-16T13:12:38.254Z"}
{"level":"info","message":"Request body: [object Object]","service":"api-gateway","timestamp":"2025-11-16T13:12:38.255Z"}
{"level":"info","message":"Received POST request to /api/auth/login - IP: ::ffff:127.0.0.1","service":"api-gateway","timestamp":"2025-11-16T13:13:19.779Z"}
{"level":"info","message":"Request body: [object Object]","service":"api-gateway","timestamp":"2025-11-16T13:13:19.780Z"}
{"level":"info","message":"Received POST request to /api/auth/login - IP: ::ffff:127.0.0.1","service":"api-gateway","timestamp":"2025-11-16T13:13:25.414Z"}
{"level":"info","message":"Request body: [object Object]","service":"api-gateway","timestamp":"2025-11-16T13:13:25.415Z"}
{"level":"info","message":"Received POST request to /api/auth/login - IP: ::ffff:127.0.0.1","service":"api-gateway","timestamp":"2025-11-16T13:13:26.189Z"}
{"level":"info","message":"Request body: [object Object]","service":"api-gateway","timestamp":"2025-11-16T13:13:26.189Z"}
{"level":"info","message":"Received POST request to /api/auth/login - IP: ::ffff:127.0.0.1","service":"api-gateway","timestamp":"2025-11-16T13:13:26.401Z"}
{"level":"info","message":"Request body: [object Object]","service":"api-gateway","timestamp":"2025-11-16T13:13:26.405Z"}
{"level":"info","message":"Received POST request to /api/auth/login - IP: ::ffff:127.0.0.1","service":"api-gateway","timestamp":"2025-11-16T13:13:26.578Z"}
{"level":"info","message":"Request body: [object Object]","service":"api-gateway","timestamp":"2025-11-16T13:13:26.581Z"}
{"level":"info","message":"Received POST request to /api/auth/login - IP: ::ffff:127.0.0.1","service":"api-gateway","timestamp":"2025-11-16T13:13:26.893Z"}
{"level":"info","message":"Request body: [object Object]","service":"api-gateway","timestamp":"2025-11-16T13:13:26.894Z"}
{"level":"info","message":"Received POST request to /api/auth/login - IP: ::ffff:127.0.0.1","service":"api-gateway","timestamp":"2025-11-16T13:13:26.932Z"}
{"level":"info","message":"Request body: [object Object]","service":"api-gateway","timestamp":"2025-11-16T13:13:26.932Z"}
{"level":"info","message":"Received POST request to /api/auth/login - IP: ::ffff:127.0.0.1","service":"api-gateway","timestamp":"2025-11-16T13:13:27.112Z"}
{"level":"info","message":"Request body: [object Object]","service":"api-gateway","timestamp":"2025-11-16T13:13:27.114Z"}
{"level":"info","message":"Received GET request to /api/auth/login - IP: ::1","service":"api-gateway","timestamp":"2025-11-16T13:14:33.370Z"}
{"level":"info","message":"Request body: undefined","service":"api-gateway","timestamp":"2025-11-16T13:14:33.377Z"}
{"level":"info","message":"Received POST request to /api/auth/login - IP: ::1","service":"api-gateway","timestamp":"2025-11-16T13:14:56.872Z"}
{"level":"info","message":"Request body: undefined","service":"api-gateway","timestamp":"2025-11-16T13:14:56.873Z"}
{"level":"info","message":"Received POST request to /api/auth/login - IP: ::ffff:127.0.0.1","service":"api-gateway","timestamp":"2025-11-16T13:15:00.473Z"}
{"level":"info","message":"Request body: [object Object]","service":"api-gateway","timestamp":"2025-11-16T13:15:00.473Z"}
{"level":"info","message":"Received POST request to /api/auth/login - IP: ::ffff:127.0.0.1","service":"api-gateway","timestamp":"2025-11-16T13:15:01.739Z"}
{"level":"info","message":"Request body: [object Object]","service":"api-gateway","timestamp":"2025-11-16T13:15:01.740Z"}
{"level":"info","message":"Received POST request to /api/auth/login - IP: ::ffff:127.0.0.1","service":"api-gateway","timestamp":"2025-11-16T13:15:02.629Z"}
{"level":"info","message":"Request body: [object Object]","service":"api-gateway","timestamp":"2025-11-16T13:15:02.630Z"}
{"level":"info","message":"Received POST request to /api/auth/login - IP: ::ffff:127.0.0.1","service":"api-gateway","timestamp":"2025-11-16T13:15:02.880Z"}
{"level":"info","message":"Request body: [object Object]","service":"api-gateway","timestamp":"2025-11-16T13:15:02.881Z"}
{"level":"info","message":"Received POST request to /api/auth/login - IP: ::ffff:127.0.0.1","service":"api-gateway","timestamp":"2025-11-16T13:15:04.421Z"}
{"level":"info","message":"Request body: [object Object]","service":"api-gateway","timestamp":"2025-11-16T13:15:04.423Z"}
{"level":"info","message":"Received POST request to /api/auth/login - IP: ::1","service":"api-gateway","timestamp":"2025-11-16T13:15:24.062Z"}
{"level":"info","message":"Request body: [object Object]","service":"api-gateway","timestamp":"2025-11-16T13:15:24.063Z"}
{"level":"info","message":"Received POST request to /api/auth/login - IP: ::ffff:127.0.0.1","service":"api-gateway","timestamp":"2025-11-16T13:15:40.238Z"}
{"level":"info","message":"Request body: [object Object]","service":"api-gateway","timestamp":"2025-11-16T13:15:40.245Z"}
{"level":"info","message":"Received POST request to /api/auth/login - IP: ::ffff:127.0.0.1","service":"api-gateway","timestamp":"2025-11-16T13:15:41.278Z"}
{"level":"info","message":"Request body: [object Object]","service":"api-gateway","timestamp":"2025-11-16T13:15:41.280Z"}
{"level":"info","message":"Received POST request to /api/auth/login - IP: ::ffff:127.0.0.1","service":"api-gateway","timestamp":"2025-11-16T13:15:41.655Z"}
{"level":"info","message":"Request body: [object Object]","service":"api-gateway","timestamp":"2025-11-16T13:15:41.664Z"}
{"level":"info","message":"Received POST request to /api/auth/login - IP: ::ffff:127.0.0.1","service":"api-gateway","timestamp":"2025-11-16T13:15:41.868Z"}
{"level":"info","message":"Request body: [object Object]","service":"api-gateway","timestamp":"2025-11-16T13:15:41.869Z"}
{"level":"info","message":"API Gateway running on port 8000","service":"api-gateway","timestamp":"2025-11-16T13:16:30.547Z"}
{"level":"info","message":"Identity Service URL: http://localhost:8001","service":"api-gateway","timestamp":"2025-11-16T13:16:30.561Z"}
{"level":"info","message":"Redis URL: redis://localhost:6379","service":"api-gateway","timestamp":"2025-11-16T13:16:30.562Z"}
{"level":"info","message":"Received POST request to /api/auth/login - IP: ::1","service":"api-gateway","timestamp":"2025-11-16T13:16:31.661Z"}
{"level":"info","message":"Request body: [object Object]","service":"api-gateway","timestamp":"2025-11-16T13:16:31.663Z"}
{"level":"info","message":"API Gateway running on port 8000","service":"api-gateway","timestamp":"2025-11-16T13:16:42.230Z"}
{"level":"info","message":"Identity Service URL: http://localhost:8001","service":"api-gateway","timestamp":"2025-11-16T13:16:42.236Z"}
{"level":"info","message":"Redis URL: redis://localhost:6379","service":"api-gateway","timestamp":"2025-11-16T13:16:42.237Z"}
{"level":"info","message":"API Gateway running on port 8000","service":"api-gateway","timestamp":"2025-11-16T13:17:46.913Z"}
{"level":"info","message":"Identity Service URL: http://localhost:8001","service":"api-gateway","timestamp":"2025-11-16T13:17:46.920Z"}
{"level":"info","message":"Redis URL: redis://localhost:6379","service":"api-gateway","timestamp":"2025-11-16T13:17:46.921Z"}
{"level":"info","message":"API Gateway running on port 8000","service":"api-gateway","timestamp":"2025-11-16T13:18:06.295Z"}
{"level":"info","message":"Identity Service URL: http://localhost:8001","service":"api-gateway","timestamp":"2025-11-16T13:18:06.300Z"}
{"level":"info","message":"Redis URL: redis://localhost:6379","service":"api-gateway","timestamp":"2025-11-16T13:18:06.302Z"}
{"level":"info","message":"API Gateway running on port 8000","service":"api-gateway","timestamp":"2025-11-16T13:18:08.850Z"}
{"level":"info","message":"Identity Service URL: http://localhost:8001","service":"api-gateway","timestamp":"2025-11-16T13:18:08.860Z"}
{"level":"info","message":"Redis URL: redis://localhost:6379","service":"api-gateway","timestamp":"2025-11-16T13:18:08.863Z"}
{"level":"info","message":"Received POST request to /api/auth/login - IP: ::1","service":"api-gateway","timestamp":"2025-11-16T13:18:09.538Z"}
{"level":"info","message":"Request body: [object Object]","service":"api-gateway","timestamp":"2025-11-16T13:18:09.540Z"}
{"level":"info","message":"Received POST request to /api/auth/login - IP: ::1","service":"api-gateway","timestamp":"2025-11-16T13:18:48.882Z"}
{"level":"info","message":"Request body: [object Object]","service":"api-gateway","timestamp":"2025-11-16T13:18:48.883Z"}
{"level":"info","message":"Received GET request to /api/auth/register - IP: ::1","service":"api-gateway","timestamp":"2025-11-16T13:19:16.787Z"}
{"level":"info","message":"Request body: [object Object]","service":"api-gateway","timestamp":"2025-11-16T13:19:16.788Z"}
{"level":"info","message":"Received POST request to /api/auth/register - IP: ::1","service":"api-gateway","timestamp":"2025-11-16T13:19:21.859Z"}
{"level":"info","message":"Request body: [object Object]","service":"api-gateway","timestamp":"2025-11-16T13:19:21.859Z"}
{"level":"info","message":"Received POST request to /api/auth/register - IP: ::1","service":"api-gateway","timestamp":"2025-11-16T13:19:34.169Z"}
{"level":"info","message":"Request body: [object Object]","service":"api-gateway","timestamp":"2025-11-16T13:19:34.170Z"}
{"level":"info","message":"Received POST request to /api/auth/login - IP: ::1","service":"api-gateway","timestamp":"2025-11-16T13:19:36.847Z"}
{"level":"info","message":"Request body: [object Object]","service":"api-gateway","timestamp":"2025-11-16T13:19:36.848Z"}
{"level":"info","message":"API Gateway running on port 8000","service":"api-gateway","timestamp":"2025-11-16T13:21:51.858Z"}
{"level":"info","message":"Identity Service URL: http://localhost:8001","service":"api-gateway","timestamp":"2025-11-16T13:21:51.869Z"}
{"level":"info","message":"Redis URL: redis://localhost:6379","service":"api-gateway","timestamp":"2025-11-16T13:21:51.870Z"}
{"level":"info","message":"API Gateway running on port 8000","service":"api-gateway","timestamp":"2025-11-16T13:22:37.075Z"}
{"level":"info","message":"Identity Service URL: http://localhost:8001","service":"api-gateway","timestamp":"2025-11-16T13:22:37.082Z"}
{"level":"info","message":"Redis URL: redis://localhost:6379","service":"api-gateway","timestamp":"2025-11-16T13:22:37.084Z"}
{"level":"info","message":"API Gateway running on port 8000","service":"api-gateway","timestamp":"2025-11-16T14:07:41.617Z"}
{"level":"info","message":"Identity Service URL: http://localhost:8001","service":"api-gateway","timestamp":"2025-11-16T14:07:41.633Z"}
{"level":"info","message":"Post Service URL: undefined","service":"api-gateway","timestamp":"2025-11-16T14:07:41.634Z"}
{"level":"info","message":"Redis URL: redis://localhost:6379","service":"api-gateway","timestamp":"2025-11-16T14:07:41.635Z"}
{"level":"info","message":"API Gateway running on port 8000","service":"api-gateway","timestamp":"2025-11-16T14:07:53.062Z"}
{"level":"info","message":"Identity Service URL: http://localhost:8001","service":"api-gateway","timestamp":"2025-11-16T14:07:53.072Z"}
{"level":"info","message":"Post Service URL: undefined","service":"api-gateway","timestamp":"2025-11-16T14:07:53.073Z"}
{"level":"info","message":"Redis URL: redis://localhost:6379","service":"api-gateway","timestamp":"2025-11-16T14:07:53.082Z"}
{"level":"info","message":"API Gateway running on port 8000","service":"api-gateway","timestamp":"2025-11-16T14:51:46.962Z"}
{"level":"info","message":"Identity Service URL: http://localhost:8001","service":"api-gateway","timestamp":"2025-11-16T14:51:46.973Z"}
{"level":"info","message":"Post Service URL: undefined","service":"api-gateway","timestamp":"2025-11-16T14:51:46.974Z"}
{"level":"info","message":"Redis URL: redis://localhost:6379","service":"api-gateway","timestamp":"2025-11-16T14:51:46.975Z"}
{"level":"info","message":"API Gateway running on port 8000","service":"api-gateway","timestamp":"2025-11-16T14:52:21.711Z"}
{"level":"info","message":"Identity Service URL: http://localhost:8001","service":"api-gateway","timestamp":"2025-11-16T14:52:21.739Z"}
{"level":"info","message":"Post Service URL: undefined","service":"api-gateway","timestamp":"2025-11-16T14:52:21.745Z"}
{"level":"info","message":"Redis URL: redis://localhost:6379","service":"api-gateway","timestamp":"2025-11-16T14:52:21.761Z"}
{"level":"info","message":"API Gateway running on port 8000","service":"api-gateway","timestamp":"2025-11-16T14:52:30.976Z"}
{"level":"info","message":"Identity Service URL: http://localhost:8001","service":"api-gateway","timestamp":"2025-11-16T14:52:31.010Z"}
{"level":"info","message":"Post Service URL: undefined","service":"api-gateway","timestamp":"2025-11-16T14:52:31.047Z"}
{"level":"info","message":"Redis URL: redis://localhost:6379","service":"api-gateway","timestamp":"2025-11-16T14:52:31.059Z"}
{"level":"info","message":"API Gateway running on port 8000","service":"api-gateway","timestamp":"2025-11-16T14:53:01.244Z"}
{"level":"info","message":"Identity Service URL: http://localhost:8001","service":"api-gateway","timestamp":"2025-11-16T14:53:01.255Z"}
{"level":"info","message":"Post Service URL: http://localhost:8002","service":"api-gateway","timestamp":"2025-11-16T14:53:01.257Z"}
{"level":"info","message":"Redis URL: redis://localhost:6379","service":"api-gateway","timestamp":"2025-11-16T14:53:01.260Z"}
{"level":"info","message":"API Gateway running on port 8000","service":"api-gateway","timestamp":"2025-11-16T15:01:59.169Z"}
{"level":"info","message":"Identity Service URL: http://localhost:8001","service":"api-gateway","timestamp":"2025-11-16T15:01:59.179Z"}
{"level":"info","message":"Post Service URL: http://localhost:8002","service":"api-gateway","timestamp":"2025-11-16T15:01:59.182Z"}
{"level":"info","message":"Redis URL: redis://localhost:6379","service":"api-gateway","timestamp":"2025-11-16T15:01:59.184Z"}
{"level":"info","message":"API Gateway running on port 8000","service":"api-gateway","timestamp":"2025-11-16T15:02:40.076Z"}
{"level":"info","message":"Identity Service URL: http://localhost:8001","service":"api-gateway","timestamp":"2025-11-16T15:02:40.092Z"}
{"level":"info","message":"Post Service URL: http://localhost:8002","service":"api-gateway","timestamp":"2025-11-16T15:02:40.095Z"}
{"level":"info","message":"Redis URL: redis://localhost:6379","service":"api-gateway","timestamp":"2025-11-16T15:02:40.097Z"}
{"level":"info","message":"API Gateway running on port 8000","service":"api-gateway","timestamp":"2025-11-16T15:03:09.460Z"}
{"level":"info","message":"Identity Service URL: http://localhost:8001","service":"api-gateway","timestamp":"2025-11-16T15:03:09.478Z"}
{"level":"info","message":"Post Service URL: http://localhost:8002","service":"api-gateway","timestamp":"2025-11-16T15:03:09.479Z"}
{"level":"info","message":"Redis URL: redis://localhost:6379","service":"api-gateway","timestamp":"2025-11-16T15:03:09.480Z"}
{"level":"error","message":"SyntaxError: Expected ':' after property name in JSON at position 11 (line 3 column 1)\n    at JSON.parse (<anonymous>)\n    at parse (C:\\Users\\ABHI\\Documents\\ABHI\\MicroServices\\api-gateway\\node_modules\\body-parser\\lib\\types\\json.js:77:19)\n    at C:\\Users\\ABHI\\Documents\\ABHI\\MicroServices\\api-gateway\\node_modules\\body-parser\\lib\\read.js:123:18\n    at AsyncResource.runInAsyncScope (node:async_hooks:214:14)\n    at invokeCallback (C:\\Users\\ABHI\\Documents\\ABHI\\MicroServices\\api-gateway\\node_modules\\body-parser\\node_modules\\raw-body\\index.js:238:16)\n    at done (C:\\Users\\ABHI\\Documents\\ABHI\\MicroServices\\api-gateway\\node_modules\\body-parser\\node_modules\\raw-body\\index.js:227:7)\n    at IncomingMessage.onEnd (C:\\Users\\ABHI\\Documents\\ABHI\\MicroServices\\api-gateway\\node_modules\\body-parser\\node_modules\\raw-body\\index.js:287:7)\n    at IncomingMessage.emit (node:events:518:28)\n    at endReadableNT (node:internal/streams/readable:1698:12)\n    at process.processTicksAndRejections (node:internal/process/task_queues:90:21)","service":"api-gateway","timestamp":"2025-11-16T15:06:06.774Z"}
{"level":"info","message":"API Gateway running on port 8000","service":"api-gateway","timestamp":"2025-11-16T15:07:19.784Z"}
{"level":"info","message":"Identity Service URL: http://localhost:8001","service":"api-gateway","timestamp":"2025-11-16T15:07:19.857Z"}
{"level":"info","message":"Post Service URL: http://localhost:8002","service":"api-gateway","timestamp":"2025-11-16T15:07:19.866Z"}
{"level":"info","message":"Redis URL: redis://localhost:6379","service":"api-gateway","timestamp":"2025-11-16T15:07:19.867Z"}
{"level":"info","message":"API Gateway running on port 8000","service":"api-gateway","timestamp":"2025-11-16T15:07:28.837Z"}
{"level":"info","message":"Identity Service URL: http://localhost:8001","service":"api-gateway","timestamp":"2025-11-16T15:07:28.852Z"}
{"level":"info","message":"Post Service URL: http://localhost:8002","service":"api-gateway","timestamp":"2025-11-16T15:07:28.854Z"}
{"level":"info","message":"Redis URL: redis://localhost:6379","service":"api-gateway","timestamp":"2025-11-16T15:07:28.856Z"}
{"level":"error","message":"SyntaxError: Expected ':' after property name in JSON at position 11 (line 3 column 1)\n    at JSON.parse (<anonymous>)\n    at parse (C:\\Users\\ABHI\\Documents\\ABHI\\MicroServices\\api-gateway\\node_modules\\body-parser\\lib\\types\\json.js:77:19)\n    at C:\\Users\\ABHI\\Documents\\ABHI\\MicroServices\\api-gateway\\node_modules\\body-parser\\lib\\read.js:123:18\n    at AsyncResource.runInAsyncScope (node:async_hooks:214:14)\n    at invokeCallback (C:\\Users\\ABHI\\Documents\\ABHI\\MicroServices\\api-gateway\\node_modules\\body-parser\\node_modules\\raw-body\\index.js:238:16)\n    at done (C:\\Users\\ABHI\\Documents\\ABHI\\MicroServices\\api-gateway\\node_modules\\body-parser\\node_modules\\raw-body\\index.js:227:7)\n    at IncomingMessage.onEnd (C:\\Users\\ABHI\\Documents\\ABHI\\MicroServices\\api-gateway\\node_modules\\body-parser\\node_modules\\raw-body\\index.js:287:7)\n    at IncomingMessage.emit (node:events:518:28)\n    at endReadableNT (node:internal/streams/readable:1698:12)\n    at process.processTicksAndRejections (node:internal/process/task_queues:90:21)","service":"api-gateway","timestamp":"2025-11-16T15:07:37.912Z"}
{"level":"info","message":"Received POST request to /v1/post/create-post - IP: ::1","service":"api-gateway","timestamp":"2025-11-16T15:07:52.869Z"}
{"level":"info","message":"Request body: undefined","service":"api-gateway","timestamp":"2025-11-16T15:07:52.886Z"}
{"level":"info","message":"Received POST request to /v1/auth/login - IP: ::1","service":"api-gateway","timestamp":"2025-11-16T15:08:33.443Z"}
{"level":"info","message":"Request body: [object Object]","service":"api-gateway","timestamp":"2025-11-16T15:08:33.444Z"}
{"level":"info","message":"Response from Identity Service: 200 - {\"success\":true,\"message\":\"User logged in successfully\",\"accessToken\":\"eyJhbGciOiJIUzI1NiIsInR5cCI6IkpXVCJ9.eyJ1c2VySWQiOiI2OTE5Y2Y2NjA3ZDZiOWFlODgxZDFhNTgiLCJ1c2VybmFtZSI6ImFkbWluIiwiaWF0IjoxNzYzMzA1NzE0LCJleHAiOjE3NjMzOTIxMTR9.IZ86cNK5BqW-hBeFW3VG6bo2JCEI-xThIilN_dtVyeM\",\"refreshToken\":\"4a5c291c39e94c02856b56df8b0cc6067e147fc426a5be193368e70549fe4d2ab1bf2ac601a01454\"}","service":"api-gateway","timestamp":"2025-11-16T15:08:34.197Z"}
{"level":"info","message":"Received POST request to /v1/post/create-post - IP: ::1","service":"api-gateway","timestamp":"2025-11-16T15:09:10.606Z"}
{"level":"info","message":"Request body: undefined","service":"api-gateway","timestamp":"2025-11-16T15:09:10.607Z"}
{"level":"info","message":"Received POST request to /v1/post/create-post - IP: ::1","service":"api-gateway","timestamp":"2025-11-16T15:09:20.776Z"}
{"level":"info","message":"Request body: undefined","service":"api-gateway","timestamp":"2025-11-16T15:09:20.778Z"}
{"level":"info","message":"API Gateway running on port 8000","service":"api-gateway","timestamp":"2025-11-16T15:10:31.122Z"}
{"level":"info","message":"Identity Service URL: http://localhost:8001","service":"api-gateway","timestamp":"2025-11-16T15:10:31.133Z"}
{"level":"info","message":"Post Service URL: http://localhost:8002","service":"api-gateway","timestamp":"2025-11-16T15:10:31.135Z"}
{"level":"info","message":"Redis URL: redis://localhost:6379","service":"api-gateway","timestamp":"2025-11-16T15:10:31.136Z"}
{"level":"info","message":"API Gateway running on port 8000","service":"api-gateway","timestamp":"2025-11-16T15:10:34.618Z"}
{"level":"info","message":"Identity Service URL: http://localhost:8001","service":"api-gateway","timestamp":"2025-11-16T15:10:34.626Z"}
{"level":"info","message":"Post Service URL: http://localhost:8002","service":"api-gateway","timestamp":"2025-11-16T15:10:34.628Z"}
{"level":"info","message":"Redis URL: redis://localhost:6379","service":"api-gateway","timestamp":"2025-11-16T15:10:34.632Z"}
{"level":"info","message":"API Gateway running on port 8000","service":"api-gateway","timestamp":"2025-11-16T15:10:38.702Z"}
{"level":"info","message":"Identity Service URL: http://localhost:8001","service":"api-gateway","timestamp":"2025-11-16T15:10:38.711Z"}
{"level":"info","message":"Post Service URL: http://localhost:8002","service":"api-gateway","timestamp":"2025-11-16T15:10:38.715Z"}
{"level":"info","message":"Redis URL: redis://localhost:6379","service":"api-gateway","timestamp":"2025-11-16T15:10:38.737Z"}
{"level":"info","message":"Received POST request to /v1/post/create-post - IP: ::1","service":"api-gateway","timestamp":"2025-11-16T15:10:43.277Z"}
{"level":"info","message":"Request body: undefined","service":"api-gateway","timestamp":"2025-11-16T15:10:43.278Z"}
{"level":"warn","message":"Access token missing in request headers","service":"api-gateway","timestamp":"2025-11-16T15:10:43.280Z"}
{"level":"info","message":"Received POST request to /v1/post/create-post - IP: ::1","service":"api-gateway","timestamp":"2025-11-16T15:22:45.397Z"}
{"level":"info","message":"Request body: undefined","service":"api-gateway","timestamp":"2025-11-16T15:22:45.398Z"}
{"level":"warn","message":"Invalid or expired access token","service":"api-gateway","timestamp":"2025-11-16T15:22:45.403Z"}
{"level":"info","message":"Received POST request to /v1/auth/login - IP: ::1","service":"api-gateway","timestamp":"2025-11-16T15:22:49.877Z"}
{"level":"info","message":"Request body: [object Object]","service":"api-gateway","timestamp":"2025-11-16T15:22:49.877Z"}
{"level":"info","message":"Response from Identity Service: 200 - {\"success\":true,\"message\":\"User logged in successfully\",\"accessToken\":\"eyJhbGciOiJIUzI1NiIsInR5cCI6IkpXVCJ9.eyJ1c2VySWQiOiI2OTE5Y2Y2NjA3ZDZiOWFlODgxZDFhNTgiLCJ1c2VybmFtZSI6ImFkbWluIiwiaWF0IjoxNzYzMzA2NTcwLCJleHAiOjE3NjMzOTI5NzB9.5eQuIiESZnhz3bSTx-seopqVMDK_NkpRktjXF6U5jfg\",\"refreshToken\":\"890c2c1123737d5a4ec0ea241d9ac8ccb3e5270a711a3af1131d6132d20fd87fd29d385e4de54f38\"}","service":"api-gateway","timestamp":"2025-11-16T15:22:50.177Z"}
{"level":"info","message":"Received POST request to /v1/post/create-post - IP: ::1","service":"api-gateway","timestamp":"2025-11-16T15:22:56.951Z"}
{"level":"info","message":"Request body: undefined","service":"api-gateway","timestamp":"2025-11-16T15:22:56.952Z"}
{"level":"warn","message":"Invalid or expired access token","service":"api-gateway","timestamp":"2025-11-16T15:22:56.954Z"}
{"level":"info","message":"API Gateway running on port 8000","service":"api-gateway","timestamp":"2025-11-16T15:25:20.242Z"}
{"level":"info","message":"Identity Service URL: http://localhost:8001","service":"api-gateway","timestamp":"2025-11-16T15:25:20.267Z"}
{"level":"info","message":"Post Service URL: http://localhost:8002","service":"api-gateway","timestamp":"2025-11-16T15:25:20.292Z"}
{"level":"info","message":"Redis URL: redis://localhost:6379","service":"api-gateway","timestamp":"2025-11-16T15:25:20.325Z"}
{"level":"info","message":"Received POST request to /v1/post/create-post - IP: ::1","service":"api-gateway","timestamp":"2025-11-16T15:25:36.212Z"}
{"level":"info","message":"Request body: undefined","service":"api-gateway","timestamp":"2025-11-16T15:25:36.213Z"}
{"level":"warn","message":"Invalid or expired access token","service":"api-gateway","timestamp":"2025-11-16T15:25:36.216Z"}
{"level":"info","message":"API Gateway running on port 8000","service":"api-gateway","timestamp":"2025-11-16T15:26:15.169Z"}
{"level":"info","message":"Identity Service URL: http://localhost:8001","service":"api-gateway","timestamp":"2025-11-16T15:26:15.187Z"}
{"level":"info","message":"Post Service URL: http://localhost:8002","service":"api-gateway","timestamp":"2025-11-16T15:26:15.193Z"}
{"level":"info","message":"Redis URL: redis://localhost:6379","service":"api-gateway","timestamp":"2025-11-16T15:26:15.196Z"}
{"level":"info","message":"Received POST request to /v1/post/create-post - IP: ::1","service":"api-gateway","timestamp":"2025-11-16T15:26:18.873Z"}
{"level":"info","message":"Request body: undefined","service":"api-gateway","timestamp":"2025-11-16T15:26:18.875Z"}
{"level":"error","message":"ReferenceError: logger is not defined\n    at validateToken (C:\\Users\\ABHI\\Documents\\ABHI\\MicroServices\\api-gateway\\src\\middleware\\auth.middleware.js:13:5)\n    at Layer.handleRequest (C:\\Users\\ABHI\\Documents\\ABHI\\MicroServices\\api-gateway\\node_modules\\router\\lib\\layer.js:152:17)\n    at trimPrefix (C:\\Users\\ABHI\\Documents\\ABHI\\MicroServices\\api-gateway\\node_modules\\router\\index.js:342:13)\n    at C:\\Users\\ABHI\\Documents\\ABHI\\MicroServices\\api-gateway\\node_modules\\router\\index.js:297:9\n    at processParams (C:\\Users\\ABHI\\Documents\\ABHI\\MicroServices\\api-gateway\\node_modules\\router\\index.js:582:12)\n    at next (C:\\Users\\ABHI\\Documents\\ABHI\\MicroServices\\api-gateway\\node_modules\\router\\index.js:291:5)\n    at C:\\Users\\ABHI\\Documents\\ABHI\\MicroServices\\api-gateway\\src\\server.js:41:5\n    at Layer.handleRequest (C:\\Users\\ABHI\\Documents\\ABHI\\MicroServices\\api-gateway\\node_modules\\router\\lib\\layer.js:152:17)\n    at trimPrefix (C:\\Users\\ABHI\\Documents\\ABHI\\MicroServices\\api-gateway\\node_modules\\router\\index.js:342:13)\n    at C:\\Users\\ABHI\\Documents\\ABHI\\MicroServices\\api-gateway\\node_modules\\router\\index.js:297:9","service":"api-gateway","timestamp":"2025-11-16T15:26:18.877Z"}
{"level":"info","message":"API Gateway running on port 8000","service":"api-gateway","timestamp":"2025-11-16T15:26:32.671Z"}
{"level":"info","message":"Identity Service URL: http://localhost:8001","service":"api-gateway","timestamp":"2025-11-16T15:26:32.688Z"}
{"level":"info","message":"Post Service URL: http://localhost:8002","service":"api-gateway","timestamp":"2025-11-16T15:26:32.708Z"}
{"level":"info","message":"Redis URL: redis://localhost:6379","service":"api-gateway","timestamp":"2025-11-16T15:26:32.738Z"}
{"level":"info","message":"Received POST request to /v1/post/create-post - IP: ::1","service":"api-gateway","timestamp":"2025-11-16T15:26:35.065Z"}
{"level":"info","message":"Request body: undefined","service":"api-gateway","timestamp":"2025-11-16T15:26:35.082Z"}
{"0":"e","1":"y","10":"J","100":"6","101":"I","102":"m","103":"F","104":"k","105":"b","106":"W","107":"l","108":"u","109":"I","11":"I","110":"i","111":"w","112":"i","113":"a","114":"W","115":"F","116":"0","117":"I","118":"j","119":"o","12":"U","120":"x","121":"N","122":"z","123":"Y","124":"z","125":"M","126":"z","127":"A","128":"2","129":"N","13":"z","130":"T","131":"c","132":"w","133":"L","134":"C","135":"J","136":"l","137":"e","138":"H","139":"A","14":"I","140":"i","141":"O","142":"j","143":"E","144":"3","145":"N","146":"j","147":"M","148":"z","149":"O","15":"1","150":"T","151":"I","152":"5","153":"N","154":"z","155":"B","156":"9","157":".","158":"5","159":"e","16":"N","160":"Q","161":"u","162":"I","163":"i","164":"E","165":"S","166":"Z","167":"n","168":"h","169":"z","17":"i","170":"3","171":"b","172":"S","173":"T","174":"x","175":"-","176":"s","177":"e","178":"o","179":"p","18":"I","180":"q","181":"V","182":"M","183":"D","184":"K","185":"_","186":"N","187":"k","188":"p","189":"R","19":"s","190":"k","191":"t","192":"j","193":"X","194":"F","195":"6","196":"U","197":"5","198":"j","199":"f","2":"J","20":"I","200":"g","21":"n","22":"R","23":"5","24":"c","25":"C","26":"I","27":"6","28":"I","29":"k","3":"h","30":"p","31":"X","32":"V","33":"C","34":"J","35":"9","36":".","37":"e","38":"y","39":"J","4":"b","40":"1","41":"c","42":"2","43":"V","44":"y","45":"S","46":"W","47":"Q","48":"i","49":"O","5":"G","50":"i","51":"I","52":"2","53":"O","54":"T","55":"E","56":"5","57":"Y","58":"2","59":"Y","6":"c","60":"2","61":"N","62":"j","63":"A","64":"3","65":"Z","66":"D","67":"Z","68":"i","69":"O","7":"i","70":"W","71":"F","72":"l","73":"O","74":"D","75":"g","76":"x","77":"Z","78":"D","79":"F","8":"O","80":"h","81":"N","82":"T","83":"g","84":"i","85":"L","86":"C","87":"J","88":"1","89":"c","9":"i","90":"2","91":"V","92":"y","93":"b","94":"m","95":"F","96":"t","97":"Z","98":"S","99":"I","level":"info","message":"Validating access token...","service":"api-gateway","timestamp":"2025-11-16T15:26:35.085Z"}
{"level":"info","message":"Response from Post Service: 401 - {\"success\":false,\"message\":\"Unauthorized\"}","service":"api-gateway","timestamp":"2025-11-16T15:26:35.197Z"}
{"level":"info","message":"Received POST request to /v1/post/create-post - IP: ::1","service":"api-gateway","timestamp":"2025-11-16T15:27:34.123Z"}
{"level":"info","message":"Request body: undefined","service":"api-gateway","timestamp":"2025-11-16T15:27:34.127Z"}
{"level":"warn","message":"Access token missing in request headers","service":"api-gateway","timestamp":"2025-11-16T15:27:34.128Z"}
{"level":"info","message":"Received POST request to /v1/post/create-post - IP: ::1","service":"api-gateway","timestamp":"2025-11-16T15:28:25.946Z"}
{"level":"info","message":"Request body: undefined","service":"api-gateway","timestamp":"2025-11-16T15:28:25.949Z"}
{"level":"warn","message":"Access token missing in request headers","service":"api-gateway","timestamp":"2025-11-16T15:28:25.953Z"}
{"level":"info","message":"API Gateway running on port 8000","service":"api-gateway","timestamp":"2025-11-16T15:28:53.316Z"}
{"level":"info","message":"Identity Service URL: http://localhost:8001","service":"api-gateway","timestamp":"2025-11-16T15:28:53.325Z"}
{"level":"info","message":"Post Service URL: http://localhost:8002","service":"api-gateway","timestamp":"2025-11-16T15:28:53.330Z"}
{"level":"info","message":"Redis URL: redis://localhost:6379","service":"api-gateway","timestamp":"2025-11-16T15:28:53.331Z"}
{"level":"info","message":"Received POST request to /v1/post/create-post - IP: ::1","service":"api-gateway","timestamp":"2025-11-16T15:28:57.210Z"}
{"level":"info","message":"Request body: undefined","service":"api-gateway","timestamp":"2025-11-16T15:28:57.212Z"}
{"level":"warn","message":"Access token missing in request headers","service":"api-gateway","timestamp":"2025-11-16T15:28:57.213Z"}
{"level":"info","message":"API Gateway running on port 8000","service":"api-gateway","timestamp":"2025-11-16T15:29:06.301Z"}
{"level":"info","message":"Identity Service URL: http://localhost:8001","service":"api-gateway","timestamp":"2025-11-16T15:29:06.314Z"}
{"level":"info","message":"Post Service URL: http://localhost:8002","service":"api-gateway","timestamp":"2025-11-16T15:29:06.316Z"}
{"level":"info","message":"Redis URL: redis://localhost:6379","service":"api-gateway","timestamp":"2025-11-16T15:29:06.317Z"}
{"level":"info","message":"API Gateway running on port 8000","service":"api-gateway","timestamp":"2025-11-16T15:29:18.910Z"}
{"level":"info","message":"Identity Service URL: http://localhost:8001","service":"api-gateway","timestamp":"2025-11-16T15:29:18.937Z"}
{"level":"info","message":"Post Service URL: http://localhost:8002","service":"api-gateway","timestamp":"2025-11-16T15:29:18.943Z"}
{"level":"info","message":"Redis URL: redis://localhost:6379","service":"api-gateway","timestamp":"2025-11-16T15:29:18.950Z"}
{"level":"info","message":"Received POST request to /v1/post/create-post - IP: ::1","service":"api-gateway","timestamp":"2025-11-16T15:29:21.297Z"}
{"level":"info","message":"Request body: undefined","service":"api-gateway","timestamp":"2025-11-16T15:29:21.298Z"}
{"level":"warn","message":"Access token missing in request headers","service":"api-gateway","timestamp":"2025-11-16T15:29:21.301Z"}
{"level":"info","message":"API Gateway running on port 8000","service":"api-gateway","timestamp":"2025-11-16T15:43:06.144Z"}
{"level":"info","message":"Identity Service URL: http://localhost:8001","service":"api-gateway","timestamp":"2025-11-16T15:43:06.153Z"}
{"level":"info","message":"Post Service URL: http://localhost:8002","service":"api-gateway","timestamp":"2025-11-16T15:43:06.155Z"}
{"level":"info","message":"Redis URL: redis://localhost:6379","service":"api-gateway","timestamp":"2025-11-16T15:43:06.156Z"}
{"level":"info","message":"Received POST request to /v1/post/create-post - IP: ::1","service":"api-gateway","timestamp":"2025-11-16T15:43:09.278Z"}
{"level":"info","message":"Request body: undefined","service":"api-gateway","timestamp":"2025-11-16T15:43:09.280Z"}
{"level":"warn","message":"Access token missing in request headers","service":"api-gateway","timestamp":"2025-11-16T15:43:09.282Z"}
{"level":"info","message":"Received POST request to /v1/post/create-post - IP: ::1","service":"api-gateway","timestamp":"2025-11-16T15:43:50.175Z"}
{"level":"info","message":"Request body: undefined","service":"api-gateway","timestamp":"2025-11-16T15:43:50.176Z"}
{"0":"e","1":"y","10":"J","100":"6","101":"I","102":"m","103":"F","104":"k","105":"b","106":"W","107":"l","108":"u","109":"I","11":"I","110":"i","111":"w","112":"i","113":"a","114":"W","115":"F","116":"0","117":"I","118":"j","119":"o","12":"U","120":"x","121":"N","122":"z","123":"Y","124":"z","125":"M","126":"z","127":"A","128":"2","129":"N","13":"z","130":"T","131":"c","132":"w","133":"L","134":"C","135":"J","136":"l","137":"e","138":"H","139":"A","14":"I","140":"i","141":"O","142":"j","143":"E","144":"3","145":"N","146":"j","147":"M","148":"z","149":"O","15":"1","150":"T","151":"I","152":"5","153":"N","154":"z","155":"B","156":"9","157":".","158":"5","159":"e","16":"N","160":"Q","161":"u","162":"I","163":"i","164":"E","165":"S","166":"Z","167":"n","168":"h","169":"z","17":"i","170":"3","171":"b","172":"S","173":"T","174":"x","175":"-","176":"s","177":"e","178":"o","179":"p","18":"I","180":"q","181":"V","182":"M","183":"D","184":"K","185":"_","186":"N","187":"k","188":"p","189":"R","19":"s","190":"k","191":"t","192":"j","193":"X","194":"F","195":"6","196":"U","197":"5","198":"j","199":"f","2":"J","20":"I","200":"g","21":"n","22":"R","23":"5","24":"c","25":"C","26":"I","27":"6","28":"I","29":"k","3":"h","30":"p","31":"X","32":"V","33":"C","34":"J","35":"9","36":".","37":"e","38":"y","39":"J","4":"b","40":"1","41":"c","42":"2","43":"V","44":"y","45":"S","46":"W","47":"Q","48":"i","49":"O","5":"G","50":"i","51":"I","52":"2","53":"O","54":"T","55":"E","56":"5","57":"Y","58":"2","59":"Y","6":"c","60":"2","61":"N","62":"j","63":"A","64":"3","65":"Z","66":"D","67":"Z","68":"i","69":"O","7":"i","70":"W","71":"F","72":"l","73":"O","74":"D","75":"g","76":"x","77":"Z","78":"D","79":"F","8":"O","80":"h","81":"N","82":"T","83":"g","84":"i","85":"L","86":"C","87":"J","88":"1","89":"c","9":"i","90":"2","91":"V","92":"y","93":"b","94":"m","95":"F","96":"t","97":"Z","98":"S","99":"I","level":"info","message":"Validating access token...","service":"api-gateway","timestamp":"2025-11-16T15:43:50.179Z"}
{"level":"info","message":"Response from Post Service: 401 - {\"success\":false,\"message\":\"Unauthorized\"}","service":"api-gateway","timestamp":"2025-11-16T15:43:50.214Z"}
{"level":"info","message":"API Gateway running on port 8000","service":"api-gateway","timestamp":"2025-11-16T15:44:18.675Z"}
{"level":"info","message":"Identity Service URL: http://localhost:8001","service":"api-gateway","timestamp":"2025-11-16T15:44:18.719Z"}
{"level":"info","message":"Post Service URL: http://localhost:8002","service":"api-gateway","timestamp":"2025-11-16T15:44:18.792Z"}
{"level":"info","message":"Redis URL: redis://localhost:6379","service":"api-gateway","timestamp":"2025-11-16T15:44:18.875Z"}
{"level":"info","message":"API Gateway running on port 8000","service":"api-gateway","timestamp":"2025-11-16T15:44:27.218Z"}
{"level":"info","message":"Identity Service URL: http://localhost:8001","service":"api-gateway","timestamp":"2025-11-16T15:44:27.230Z"}
{"level":"info","message":"Post Service URL: http://localhost:8002","service":"api-gateway","timestamp":"2025-11-16T15:44:27.231Z"}
{"level":"info","message":"Redis URL: redis://localhost:6379","service":"api-gateway","timestamp":"2025-11-16T15:44:27.232Z"}
{"level":"info","message":"Received POST request to /v1/post/create-post - IP: ::1","service":"api-gateway","timestamp":"2025-11-16T15:44:30.147Z"}
{"level":"info","message":"Request body: undefined","service":"api-gateway","timestamp":"2025-11-16T15:44:30.154Z"}
{"0":"B","1":"e","10":"h","100":"b","101":"m","102":"F","103":"t","104":"Z","105":"S","106":"I","107":"6","108":"I","109":"m","11":"b","110":"F","111":"k","112":"b","113":"W","114":"l","115":"u","116":"I","117":"i","118":"w","119":"i","12":"G","120":"a","121":"W","122":"F","123":"0","124":"I","125":"j","126":"o","127":"x","128":"N","129":"z","13":"c","130":"Y","131":"z","132":"M","133":"z","134":"A","135":"2","136":"N","137":"T","138":"c","139":"w","14":"i","140":"L","141":"C","142":"J","143":"l","144":"e","145":"H","146":"A","147":"i","148":"O","149":"j","15":"O","150":"E","151":"3","152":"N","153":"j","154":"M","155":"z","156":"O","157":"T","158":"I","159":"5","16":"i","160":"N","161":"z","162":"B","163":"9","164":".","165":"5","166":"e","167":"Q","168":"u","169":"I","17":"J","170":"i","171":"E","172":"S","173":"Z","174":"n","175":"h","176":"z","177":"3","178":"b","179":"S","18":"I","180":"T","181":"x","182":"-","183":"s","184":"e","185":"o","186":"p","187":"q","188":"V","189":"M","19":"U","190":"D","191":"K","192":"_","193":"N","194":"k","195":"p","196":"R","197":"k","198":"t","199":"j","2":"a","20":"z","200":"X","201":"F","202":"6","203":"U","204":"5","205":"j","206":"f","207":"g","21":"I","22":"1","23":"N","24":"i","25":"I","26":"s","27":"I","28":"n","29":"R","3":"r","30":"5","31":"c","32":"C","33":"I","34":"6","35":"I","36":"k","37":"p","38":"X","39":"V","4":"e","40":"C","41":"J","42":"9","43":".","44":"e","45":"y","46":"J","47":"1","48":"c","49":"2","5":"r","50":"V","51":"y","52":"S","53":"W","54":"Q","55":"i","56":"O","57":"i","58":"I","59":"2","6":" ","60":"O","61":"T","62":"E","63":"5","64":"Y","65":"2","66":"Y","67":"2","68":"N","69":"j","7":"e","70":"A","71":"3","72":"Z","73":"D","74":"Z","75":"i","76":"O","77":"W","78":"F","79":"l","8":"y","80":"O","81":"D","82":"g","83":"x","84":"Z","85":"D","86":"F","87":"h","88":"N","89":"T","9":"J","90":"g","91":"i","92":"L","93":"C","94":"J","95":"1","96":"c","97":"2","98":"V","99":"y","level":"info","message":"Validating access token...","service":"api-gateway","timestamp":"2025-11-16T15:44:30.176Z"}
{"level":"warn","message":"Invalid or expired access token","service":"api-gateway","timestamp":"2025-11-16T15:44:30.199Z"}
{"level":"info","message":"API Gateway running on port 8000","service":"api-gateway","timestamp":"2025-11-16T15:44:59.877Z"}
{"level":"info","message":"Identity Service URL: http://localhost:8001","service":"api-gateway","timestamp":"2025-11-16T15:44:59.931Z"}
{"level":"info","message":"Post Service URL: http://localhost:8002","service":"api-gateway","timestamp":"2025-11-16T15:44:59.960Z"}
{"level":"info","message":"Redis URL: redis://localhost:6379","service":"api-gateway","timestamp":"2025-11-16T15:44:59.982Z"}
{"level":"info","message":"Received POST request to /v1/post/create-post - IP: ::1","service":"api-gateway","timestamp":"2025-11-16T15:45:04.244Z"}
{"level":"info","message":"Request body: undefined","service":"api-gateway","timestamp":"2025-11-16T15:45:04.246Z"}
{"0":"B","1":"e","10":"h","100":"b","101":"m","102":"F","103":"t","104":"Z","105":"S","106":"I","107":"6","108":"I","109":"m","11":"b","110":"F","111":"k","112":"b","113":"W","114":"l","115":"u","116":"I","117":"i","118":"w","119":"i","12":"G","120":"a","121":"W","122":"F","123":"0","124":"I","125":"j","126":"o","127":"x","128":"N","129":"z","13":"c","130":"Y","131":"z","132":"M","133":"z","134":"A","135":"2","136":"N","137":"T","138":"c","139":"w","14":"i","140":"L","141":"C","142":"J","143":"l","144":"e","145":"H","146":"A","147":"i","148":"O","149":"j","15":"O","150":"E","151":"3","152":"N","153":"j","154":"M","155":"z","156":"O","157":"T","158":"I","159":"5","16":"i","160":"N","161":"z","162":"B","163":"9","164":".","165":"5","166":"e","167":"Q","168":"u","169":"I","17":"J","170":"i","171":"E","172":"S","173":"Z","174":"n","175":"h","176":"z","177":"3","178":"b","179":"S","18":"I","180":"T","181":"x","182":"-","183":"s","184":"e","185":"o","186":"p","187":"q","188":"V","189":"M","19":"U","190":"D","191":"K","192":"_","193":"N","194":"k","195":"p","196":"R","197":"k","198":"t","199":"j","2":"a","20":"z","200":"X","201":"F","202":"6","203":"U","204":"5","205":"j","206":"f","207":"g","21":"I","22":"1","23":"N","24":"i","25":"I","26":"s","27":"I","28":"n","29":"R","3":"r","30":"5","31":"c","32":"C","33":"I","34":"6","35":"I","36":"k","37":"p","38":"X","39":"V","4":"e","40":"C","41":"J","42":"9","43":".","44":"e","45":"y","46":"J","47":"1","48":"c","49":"2","5":"r","50":"V","51":"y","52":"S","53":"W","54":"Q","55":"i","56":"O","57":"i","58":"I","59":"2","6":" ","60":"O","61":"T","62":"E","63":"5","64":"Y","65":"2","66":"Y","67":"2","68":"N","69":"j","7":"e","70":"A","71":"3","72":"Z","73":"D","74":"Z","75":"i","76":"O","77":"W","78":"F","79":"l","8":"y","80":"O","81":"D","82":"g","83":"x","84":"Z","85":"D","86":"F","87":"h","88":"N","89":"T","9":"J","90":"g","91":"i","92":"L","93":"C","94":"J","95":"1","96":"c","97":"2","98":"V","99":"y","level":"info","message":"Validating access token...","service":"api-gateway","timestamp":"2025-11-16T15:45:04.250Z"}
{"level":"warn","message":"Invalid or expired access token","service":"api-gateway","timestamp":"2025-11-16T15:45:04.256Z"}
{"level":"info","message":"API Gateway running on port 8000","service":"api-gateway","timestamp":"2025-11-16T15:45:15.966Z"}
{"level":"info","message":"Identity Service URL: http://localhost:8001","service":"api-gateway","timestamp":"2025-11-16T15:45:15.986Z"}
{"level":"info","message":"Post Service URL: http://localhost:8002","service":"api-gateway","timestamp":"2025-11-16T15:45:16.002Z"}
{"level":"info","message":"Redis URL: redis://localhost:6379","service":"api-gateway","timestamp":"2025-11-16T15:45:16.035Z"}
{"level":"info","message":"Received POST request to /v1/post/create-post - IP: ::1","service":"api-gateway","timestamp":"2025-11-16T15:45:20.963Z"}
{"level":"info","message":"Request body: undefined","service":"api-gateway","timestamp":"2025-11-16T15:45:20.965Z"}
{"0":"e","1":"y","10":"J","100":"6","101":"I","102":"m","103":"F","104":"k","105":"b","106":"W","107":"l","108":"u","109":"I","11":"I","110":"i","111":"w","112":"i","113":"a","114":"W","115":"F","116":"0","117":"I","118":"j","119":"o","12":"U","120":"x","121":"N","122":"z","123":"Y","124":"z","125":"M","126":"z","127":"A","128":"2","129":"N","13":"z","130":"T","131":"c","132":"w","133":"L","134":"C","135":"J","136":"l","137":"e","138":"H","139":"A","14":"I","140":"i","141":"O","142":"j","143":"E","144":"3","145":"N","146":"j","147":"M","148":"z","149":"O","15":"1","150":"T","151":"I","152":"5","153":"N","154":"z","155":"B","156":"9","157":".","158":"5","159":"e","16":"N","160":"Q","161":"u","162":"I","163":"i","164":"E","165":"S","166":"Z","167":"n","168":"h","169":"z","17":"i","170":"3","171":"b","172":"S","173":"T","174":"x","175":"-","176":"s","177":"e","178":"o","179":"p","18":"I","180":"q","181":"V","182":"M","183":"D","184":"K","185":"_","186":"N","187":"k","188":"p","189":"R","19":"s","190":"k","191":"t","192":"j","193":"X","194":"F","195":"6","196":"U","197":"5","198":"j","199":"f","2":"J","20":"I","200":"g","21":"n","22":"R","23":"5","24":"c","25":"C","26":"I","27":"6","28":"I","29":"k","3":"h","30":"p","31":"X","32":"V","33":"C","34":"J","35":"9","36":".","37":"e","38":"y","39":"J","4":"b","40":"1","41":"c","42":"2","43":"V","44":"y","45":"S","46":"W","47":"Q","48":"i","49":"O","5":"G","50":"i","51":"I","52":"2","53":"O","54":"T","55":"E","56":"5","57":"Y","58":"2","59":"Y","6":"c","60":"2","61":"N","62":"j","63":"A","64":"3","65":"Z","66":"D","67":"Z","68":"i","69":"O","7":"i","70":"W","71":"F","72":"l","73":"O","74":"D","75":"g","76":"x","77":"Z","78":"D","79":"F","8":"O","80":"h","81":"N","82":"T","83":"g","84":"i","85":"L","86":"C","87":"J","88":"1","89":"c","9":"i","90":"2","91":"V","92":"y","93":"b","94":"m","95":"F","96":"t","97":"Z","98":"S","99":"I","level":"info","message":"Validating access token...","service":"api-gateway","timestamp":"2025-11-16T15:45:20.967Z"}
{"level":"info","message":"Response from Post Service: 401 - {\"success\":false,\"message\":\"Unauthorized\"}","service":"api-gateway","timestamp":"2025-11-16T15:45:21.015Z"}
{"level":"info","message":"API Gateway running on port 8000","service":"api-gateway","timestamp":"2025-11-16T15:45:46.257Z"}
{"level":"info","message":"Identity Service URL: http://localhost:8001","service":"api-gateway","timestamp":"2025-11-16T15:45:46.277Z"}
{"level":"info","message":"Post Service URL: http://localhost:8002","service":"api-gateway","timestamp":"2025-11-16T15:45:46.303Z"}
{"level":"info","message":"Redis URL: redis://localhost:6379","service":"api-gateway","timestamp":"2025-11-16T15:45:46.327Z"}
{"level":"info","message":"API Gateway running on port 8000","service":"api-gateway","timestamp":"2025-11-16T15:46:21.467Z"}
{"level":"info","message":"Identity Service URL: http://localhost:8001","service":"api-gateway","timestamp":"2025-11-16T15:46:21.475Z"}
{"level":"info","message":"Post Service URL: http://localhost:8002","service":"api-gateway","timestamp":"2025-11-16T15:46:21.476Z"}
{"level":"info","message":"Redis URL: redis://localhost:6379","service":"api-gateway","timestamp":"2025-11-16T15:46:21.477Z"}
{"level":"info","message":"Received POST request to /v1/post/create-post - IP: ::1","service":"api-gateway","timestamp":"2025-11-16T15:46:25.052Z"}
{"level":"info","message":"Request body: undefined","service":"api-gateway","timestamp":"2025-11-16T15:46:25.053Z"}
{"level":"info","message":"Validating access token...","service":"api-gateway","timestamp":"2025-11-16T15:46:25.060Z"}
{"level":"info","message":"Response from Post Service: 401 - {\"success\":false,\"message\":\"Unauthorized\"}","service":"api-gateway","timestamp":"2025-11-16T15:46:25.100Z"}
{"level":"info","message":"API Gateway running on port 8000","service":"api-gateway","timestamp":"2025-11-16T15:47:35.582Z"}
{"level":"info","message":"Identity Service URL: http://localhost:8001","service":"api-gateway","timestamp":"2025-11-16T15:47:35.600Z"}
{"level":"info","message":"Post Service URL: http://localhost:8002","service":"api-gateway","timestamp":"2025-11-16T15:47:35.602Z"}
{"level":"info","message":"Redis URL: redis://localhost:6379","service":"api-gateway","timestamp":"2025-11-16T15:47:35.603Z"}
{"level":"info","message":"API Gateway running on port 8000","service":"api-gateway","timestamp":"2025-11-16T15:47:45.953Z"}
{"level":"info","message":"Identity Service URL: http://localhost:8001","service":"api-gateway","timestamp":"2025-11-16T15:47:45.959Z"}
{"level":"info","message":"Post Service URL: http://localhost:8002","service":"api-gateway","timestamp":"2025-11-16T15:47:45.960Z"}
{"level":"info","message":"Redis URL: redis://localhost:6379","service":"api-gateway","timestamp":"2025-11-16T15:47:45.961Z"}
{"level":"info","message":"Received POST request to /v1/post/create-post - IP: ::1","service":"api-gateway","timestamp":"2025-11-16T15:47:51.516Z"}
{"level":"info","message":"Request body: undefined","service":"api-gateway","timestamp":"2025-11-16T15:47:51.517Z"}
{"level":"info","message":"Validating access token...","service":"api-gateway","timestamp":"2025-11-16T15:47:51.519Z"}
{"level":"info","message":"Response from Post Service: 401 - {\"success\":false,\"message\":\"Unauthorized\"}","service":"api-gateway","timestamp":"2025-11-16T15:47:51.551Z"}
{"level":"info","message":"API Gateway running on port 8000","service":"api-gateway","timestamp":"2025-11-16T15:49:35.215Z"}
{"level":"info","message":"Identity Service URL: http://localhost:8001","service":"api-gateway","timestamp":"2025-11-16T15:49:35.221Z"}
{"level":"info","message":"Post Service URL: http://localhost:8002","service":"api-gateway","timestamp":"2025-11-16T15:49:35.223Z"}
{"level":"info","message":"Redis URL: redis://localhost:6379","service":"api-gateway","timestamp":"2025-11-16T15:49:35.224Z"}
{"level":"info","message":"Received POST request to /v1/post/create-post - IP: ::1","service":"api-gateway","timestamp":"2025-11-16T15:49:39.056Z"}
{"level":"info","message":"Request body: undefined","service":"api-gateway","timestamp":"2025-11-16T15:49:39.058Z"}
{"level":"info","message":"Validating access token...","service":"api-gateway","timestamp":"2025-11-16T15:49:39.060Z"}
{"level":"info","message":"Response from Post Service: 401 - {\"success\":false,\"message\":\"Unauthorized\"}","service":"api-gateway","timestamp":"2025-11-16T15:49:39.097Z"}
{"level":"info","message":"API Gateway running on port 8000","service":"api-gateway","timestamp":"2025-11-16T16:04:32.444Z"}
{"level":"info","message":"Identity Service URL: http://localhost:8001","service":"api-gateway","timestamp":"2025-11-16T16:04:32.458Z"}
{"level":"info","message":"Post Service URL: http://localhost:8002","service":"api-gateway","timestamp":"2025-11-16T16:04:32.462Z"}
{"level":"info","message":"Redis URL: redis://localhost:6379","service":"api-gateway","timestamp":"2025-11-16T16:04:32.485Z"}
{"level":"info","message":"Received POST request to /v1/post/create-post - IP: ::1","service":"api-gateway","timestamp":"2025-11-16T16:05:25.693Z"}
{"level":"info","message":"Request body: undefined","service":"api-gateway","timestamp":"2025-11-16T16:05:25.695Z"}
{"level":"info","message":"Validating access token...","service":"api-gateway","timestamp":"2025-11-16T16:05:25.697Z"}
{"level":"info","message":"Response from Post Service: 401 - {\"success\":false,\"message\":\"Unauthorized\"}","service":"api-gateway","timestamp":"2025-11-16T16:05:25.763Z"}
{"level":"info","message":"API Gateway running on port 8000","service":"api-gateway","timestamp":"2025-11-16T16:08:16.236Z"}
{"level":"info","message":"Identity Service URL: http://localhost:8001","service":"api-gateway","timestamp":"2025-11-16T16:08:16.300Z"}
{"level":"info","message":"Post Service URL: http://localhost:8002","service":"api-gateway","timestamp":"2025-11-16T16:08:16.377Z"}
{"level":"info","message":"Redis URL: redis://localhost:6379","service":"api-gateway","timestamp":"2025-11-16T16:08:16.416Z"}
{"level":"info","message":"Received POST request to /v1/post/create-post - IP: ::1","service":"api-gateway","timestamp":"2025-11-16T16:08:22.105Z"}
{"level":"info","message":"Request body: undefined","service":"api-gateway","timestamp":"2025-11-16T16:08:22.106Z"}
{"level":"info","message":"Validating access token...","service":"api-gateway","timestamp":"2025-11-16T16:08:22.108Z"}
{"level":"info","message":"Response from Post Service: 401 - {\"success\":false,\"message\":\"Unauthorized\"}","service":"api-gateway","timestamp":"2025-11-16T16:08:22.160Z"}
{"level":"info","message":"API Gateway running on port 8000","service":"api-gateway","timestamp":"2025-11-16T16:14:06.972Z"}
{"level":"info","message":"Identity Service URL: http://localhost:8001","service":"api-gateway","timestamp":"2025-11-16T16:14:06.979Z"}
{"level":"info","message":"Post Service URL: http://localhost:8002","service":"api-gateway","timestamp":"2025-11-16T16:14:06.981Z"}
{"level":"info","message":"Redis URL: redis://localhost:6379","service":"api-gateway","timestamp":"2025-11-16T16:14:06.982Z"}
{"level":"info","message":"Received POST request to /v1/post/create-post - IP: ::1","service":"api-gateway","timestamp":"2025-11-16T16:14:10.198Z"}
{"level":"info","message":"Request body: undefined","service":"api-gateway","timestamp":"2025-11-16T16:14:10.245Z"}
{"level":"info","message":"Validating access token...","service":"api-gateway","timestamp":"2025-11-16T16:14:10.260Z"}
{"level":"info","message":"Response from Post Service: 401 - {\"success\":false,\"message\":\"Unauthorized\"}","service":"api-gateway","timestamp":"2025-11-16T16:14:10.463Z"}
{"level":"info","message":"Received POST request to /v1/post/create-post - IP: ::1","service":"api-gateway","timestamp":"2025-11-16T16:14:41.851Z"}
{"level":"info","message":"Request body: undefined","service":"api-gateway","timestamp":"2025-11-16T16:14:41.855Z"}
{"level":"info","message":"Validating access token...","service":"api-gateway","timestamp":"2025-11-16T16:14:41.857Z"}
{"level":"info","message":"Response from Post Service: 401 - {\"success\":false,\"message\":\"Unauthorized\"}","service":"api-gateway","timestamp":"2025-11-16T16:14:41.877Z"}
{"level":"info","message":"Received POST request to /v1/post/create-post - IP: ::1","service":"api-gateway","timestamp":"2025-11-16T18:59:30.387Z"}
{"level":"info","message":"Request body: undefined","service":"api-gateway","timestamp":"2025-11-16T18:59:30.420Z"}
{"level":"info","message":"Validating access token...","service":"api-gateway","timestamp":"2025-11-16T18:59:30.431Z"}
{"level":"info","message":"Response from Post Service: 401 - {\"success\":false,\"message\":\"Unauthorized\"}","service":"api-gateway","timestamp":"2025-11-16T18:59:30.686Z"}
{"level":"info","message":"API Gateway running on port 8000","service":"api-gateway","timestamp":"2025-11-16T18:59:58.491Z"}
{"level":"info","message":"Identity Service URL: http://localhost:8001","service":"api-gateway","timestamp":"2025-11-16T18:59:58.499Z"}
{"level":"info","message":"Post Service URL: http://localhost:8002","service":"api-gateway","timestamp":"2025-11-16T18:59:58.500Z"}
{"level":"info","message":"Redis URL: redis://localhost:6379","service":"api-gateway","timestamp":"2025-11-16T18:59:58.501Z"}
{"level":"info","message":"API Gateway running on port 8000","service":"api-gateway","timestamp":"2025-11-16T19:00:05.010Z"}
{"level":"info","message":"Identity Service URL: http://localhost:8001","service":"api-gateway","timestamp":"2025-11-16T19:00:05.018Z"}
{"level":"info","message":"Post Service URL: http://localhost:8002","service":"api-gateway","timestamp":"2025-11-16T19:00:05.020Z"}
{"level":"info","message":"Redis URL: redis://localhost:6379","service":"api-gateway","timestamp":"2025-11-16T19:00:05.020Z"}
{"level":"info","message":"Received POST request to /v1/post/create-post - IP: ::1","service":"api-gateway","timestamp":"2025-11-16T19:00:26.534Z"}
{"level":"info","message":"Request body: undefined","service":"api-gateway","timestamp":"2025-11-16T19:00:26.535Z"}
{"level":"info","message":"Validating access token...","service":"api-gateway","timestamp":"2025-11-16T19:00:26.537Z"}
{"level":"info","message":"Response from Post Service: 401 - {\"success\":false,\"message\":\"Unauthorized\"}","service":"api-gateway","timestamp":"2025-11-16T19:00:26.615Z"}
{"level":"info","message":"Received POST request to /v1/post/create-post - IP: ::1","service":"api-gateway","timestamp":"2025-11-16T19:00:54.359Z"}
{"level":"info","message":"Request body: [object Object]","service":"api-gateway","timestamp":"2025-11-16T19:00:54.360Z"}
{"level":"info","message":"Validating access token...","service":"api-gateway","timestamp":"2025-11-16T19:00:54.361Z"}
{"level":"info","message":"Response from Post Service: 401 - {\"success\":false,\"message\":\"Unauthorized\"}","service":"api-gateway","timestamp":"2025-11-16T19:00:54.378Z"}
{"level":"info","message":"Received POST request to /v1/post/create-post - IP: ::1","service":"api-gateway","timestamp":"2025-11-16T19:01:21.856Z"}
{"level":"info","message":"Request body: [object Object]","service":"api-gateway","timestamp":"2025-11-16T19:01:21.857Z"}
{"level":"info","message":"Validating access token...","service":"api-gateway","timestamp":"2025-11-16T19:01:21.858Z"}
{"level":"info","message":"Response from Post Service: 401 - {\"success\":false,\"message\":\"Unauthorized\"}","service":"api-gateway","timestamp":"2025-11-16T19:01:21.911Z"}
{"level":"info","message":"Received POST request to /v1/post/create-post - IP: ::1","service":"api-gateway","timestamp":"2025-11-16T19:02:17.317Z"}
{"level":"info","message":"Request body: [object Object]","service":"api-gateway","timestamp":"2025-11-16T19:02:17.327Z"}
{"level":"info","message":"Validating access token...","service":"api-gateway","timestamp":"2025-11-16T19:02:17.328Z"}
{"level":"info","message":"Response from Post Service: 401 - {\"success\":false,\"message\":\"Unauthorized\"}","service":"api-gateway","timestamp":"2025-11-16T19:02:17.488Z"}
{"level":"info","message":"API Gateway running on port 8000","service":"api-gateway","timestamp":"2025-11-16T19:03:35.411Z"}
{"level":"info","message":"Identity Service URL: http://localhost:8001","service":"api-gateway","timestamp":"2025-11-16T19:03:35.421Z"}
{"level":"info","message":"Post Service URL: http://localhost:8002","service":"api-gateway","timestamp":"2025-11-16T19:03:35.425Z"}
{"level":"info","message":"Redis URL: redis://localhost:6379","service":"api-gateway","timestamp":"2025-11-16T19:03:35.425Z"}
{"level":"info","message":"Received POST request to /v1/post/create-post - IP: ::1","service":"api-gateway","timestamp":"2025-11-16T19:03:49.669Z"}
{"level":"info","message":"Request body: [object Object]","service":"api-gateway","timestamp":"2025-11-16T19:03:49.672Z"}
{"level":"info","message":"Validating access token...","service":"api-gateway","timestamp":"2025-11-16T19:03:49.675Z"}
{"level":"error","message":"TypeError [ERR_HTTP_INVALID_HEADER_VALUE]: Invalid value \"undefined\" for header \"x-user-role\"\n    at ClientRequest.setHeader (node:_http_outgoing:702:3)\n    at new ClientRequest (node:_http_client:302:14)\n    at Object.request (node:http:102:10)\n    at C:\\Users\\ABHI\\Documents\\ABHI\\MicroServices\\api-gateway\\node_modules\\express-http-proxy\\app\\steps\\sendProxyRequest.js:14:51\n    at new Promise (<anonymous>)\n    at defaultSendProxyRequest (C:\\Users\\ABHI\\Documents\\ABHI\\MicroServices\\api-gateway\\node_modules\\express-http-proxy\\app\\steps\\sendProxyRequest.js:12:10)\n    at sendProxyRequest (C:\\Users\\ABHI\\Documents\\ABHI\\MicroServices\\api-gateway\\node_modules\\express-http-proxy\\app\\steps\\sendProxyRequest.js:97:10)\n    at process.processTicksAndRejections (node:internal/process/task_queues:105:5)","service":"api-gateway","timestamp":"2025-11-16T19:03:49.696Z"}
{"level":"info","message":"Received POST request to /v1/post/create-post - IP: ::1","service":"api-gateway","timestamp":"2025-11-16T19:03:58.973Z"}
{"level":"info","message":"Request body: [object Object]","service":"api-gateway","timestamp":"2025-11-16T19:03:58.975Z"}
{"level":"info","message":"Validating access token...","service":"api-gateway","timestamp":"2025-11-16T19:03:58.976Z"}
{"level":"error","message":"TypeError [ERR_HTTP_INVALID_HEADER_VALUE]: Invalid value \"undefined\" for header \"x-user-role\"\n    at ClientRequest.setHeader (node:_http_outgoing:702:3)\n    at new ClientRequest (node:_http_client:302:14)\n    at Object.request (node:http:102:10)\n    at C:\\Users\\ABHI\\Documents\\ABHI\\MicroServices\\api-gateway\\node_modules\\express-http-proxy\\app\\steps\\sendProxyRequest.js:14:51\n    at new Promise (<anonymous>)\n    at defaultSendProxyRequest (C:\\Users\\ABHI\\Documents\\ABHI\\MicroServices\\api-gateway\\node_modules\\express-http-proxy\\app\\steps\\sendProxyRequest.js:12:10)\n    at sendProxyRequest (C:\\Users\\ABHI\\Documents\\ABHI\\MicroServices\\api-gateway\\node_modules\\express-http-proxy\\app\\steps\\sendProxyRequest.js:97:10)\n    at process.processTicksAndRejections (node:internal/process/task_queues:105:5)","service":"api-gateway","timestamp":"2025-11-16T19:03:58.981Z"}
{"level":"info","message":"API Gateway running on port 8000","service":"api-gateway","timestamp":"2025-11-16T19:04:23.695Z"}
{"level":"info","message":"Identity Service URL: http://localhost:8001","service":"api-gateway","timestamp":"2025-11-16T19:04:23.711Z"}
{"level":"info","message":"Post Service URL: http://localhost:8002","service":"api-gateway","timestamp":"2025-11-16T19:04:23.712Z"}
{"level":"info","message":"Redis URL: redis://localhost:6379","service":"api-gateway","timestamp":"2025-11-16T19:04:23.713Z"}
{"level":"info","message":"Received POST request to /v1/post/create-post - IP: ::1","service":"api-gateway","timestamp":"2025-11-16T19:04:25.907Z"}
{"level":"info","message":"Request body: [object Object]","service":"api-gateway","timestamp":"2025-11-16T19:04:25.908Z"}
{"level":"info","message":"Validating access token...","service":"api-gateway","timestamp":"2025-11-16T19:04:25.909Z"}
{"level":"info","message":"API Gateway running on port 8000","service":"api-gateway","timestamp":"2025-11-16T19:04:48.658Z"}
{"level":"info","message":"Identity Service URL: http://localhost:8001","service":"api-gateway","timestamp":"2025-11-16T19:04:48.672Z"}
{"level":"info","message":"Post Service URL: http://localhost:8002","service":"api-gateway","timestamp":"2025-11-16T19:04:48.677Z"}
{"level":"info","message":"Redis URL: redis://localhost:6379","service":"api-gateway","timestamp":"2025-11-16T19:04:48.680Z"}
{"level":"info","message":"Received POST request to /v1/post/create-post - IP: ::1","service":"api-gateway","timestamp":"2025-11-16T19:05:14.248Z"}
{"level":"info","message":"Request body: [object Object]","service":"api-gateway","timestamp":"2025-11-16T19:05:14.249Z"}
{"level":"info","message":"Validating access token...","service":"api-gateway","timestamp":"2025-11-16T19:05:14.251Z"}
{"level":"info","message":"Response from Post Service: 401 - {\"success\":false,\"message\":\"Unauthorized\"}","service":"api-gateway","timestamp":"2025-11-16T19:05:14.385Z"}
{"level":"info","message":"API Gateway running on port 8000","service":"api-gateway","timestamp":"2025-11-16T19:05:53.585Z"}
{"level":"info","message":"Identity Service URL: http://localhost:8001","service":"api-gateway","timestamp":"2025-11-16T19:05:53.591Z"}
{"level":"info","message":"Post Service URL: http://localhost:8002","service":"api-gateway","timestamp":"2025-11-16T19:05:53.593Z"}
{"level":"info","message":"Redis URL: redis://localhost:6379","service":"api-gateway","timestamp":"2025-11-16T19:05:53.595Z"}
{"level":"info","message":"Received POST request to /v1/post/create-post - IP: ::1","service":"api-gateway","timestamp":"2025-11-16T19:05:56.712Z"}
{"level":"info","message":"Request body: [object Object]","service":"api-gateway","timestamp":"2025-11-16T19:05:56.713Z"}
{"level":"info","message":"Validating access token...","service":"api-gateway","timestamp":"2025-11-16T19:05:56.714Z"}
{"level":"info","message":"Response from Post Service: 401 - {\"success\":false,\"message\":\"Unauthorized\"}","service":"api-gateway","timestamp":"2025-11-16T19:05:56.754Z"}
{"level":"info","message":"API Gateway running on port 8000","service":"api-gateway","timestamp":"2025-11-16T19:06:32.196Z"}
{"level":"info","message":"Identity Service URL: http://localhost:8001","service":"api-gateway","timestamp":"2025-11-16T19:06:32.201Z"}
{"level":"info","message":"Post Service URL: http://localhost:8002","service":"api-gateway","timestamp":"2025-11-16T19:06:32.203Z"}
{"level":"info","message":"Redis URL: redis://localhost:6379","service":"api-gateway","timestamp":"2025-11-16T19:06:32.203Z"}
{"level":"info","message":"Received POST request to /v1/post/create-post - IP: ::1","service":"api-gateway","timestamp":"2025-11-16T19:06:37.770Z"}
{"level":"info","message":"Request body: [object Object]","service":"api-gateway","timestamp":"2025-11-16T19:06:37.777Z"}
{"level":"info","message":"Validating access token...","service":"api-gateway","timestamp":"2025-11-16T19:06:37.779Z"}
{"level":"info","message":"Response from Post Service: 500 - {\"message\":\"error is not defined\"}","service":"api-gateway","timestamp":"2025-11-16T19:06:37.835Z"}
{"level":"info","message":"Received POST request to /v1/post/create-post - IP: ::1","service":"api-gateway","timestamp":"2025-11-16T19:07:07.505Z"}
{"level":"info","message":"Request body: [object Object]","service":"api-gateway","timestamp":"2025-11-16T19:07:07.512Z"}
{"level":"info","message":"Validating access token...","service":"api-gateway","timestamp":"2025-11-16T19:07:07.514Z"}
{"level":"info","message":"Response from Post Service: 500 - {\"success\":false,\"message\":\"Error creating post\"}","service":"api-gateway","timestamp":"2025-11-16T19:07:07.608Z"}
{"level":"info","message":"Received POST request to /v1/post/create-post - IP: ::1","service":"api-gateway","timestamp":"2025-11-16T19:11:22.915Z"}
{"level":"info","message":"Request body: [object Object]","service":"api-gateway","timestamp":"2025-11-16T19:11:22.920Z"}
{"level":"info","message":"Validating access token...","service":"api-gateway","timestamp":"2025-11-16T19:11:22.921Z"}
{"level":"info","message":"Response from Post Service: 500 - {\"success\":false,\"message\":\"Error creating post\"}","service":"api-gateway","timestamp":"2025-11-16T19:11:23.026Z"}
{"level":"info","message":"Received POST request to /v1/post/create-post - IP: ::1","service":"api-gateway","timestamp":"2025-11-16T19:11:27.797Z"}
{"level":"info","message":"Request body: undefined","service":"api-gateway","timestamp":"2025-11-16T19:11:27.797Z"}
{"level":"info","message":"Validating access token...","service":"api-gateway","timestamp":"2025-11-16T19:11:27.799Z"}
{"level":"info","message":"Response from Post Service: 500 - {\"success\":false,\"message\":\"Error creating post\"}","service":"api-gateway","timestamp":"2025-11-16T19:11:27.878Z"}
{"level":"info","message":"Received POST request to /v1/post/create-post - IP: ::1","service":"api-gateway","timestamp":"2025-11-16T19:11:54.037Z"}
{"level":"info","message":"Request body: undefined","service":"api-gateway","timestamp":"2025-11-16T19:11:54.038Z"}
{"level":"info","message":"Validating access token...","service":"api-gateway","timestamp":"2025-11-16T19:11:54.039Z"}
{"level":"error","message":"AggregateError [ECONNREFUSED]: \n    at internalConnectMultiple (node:net:1139:18)\n    at afterConnectMultiple (node:net:1714:7)","service":"api-gateway","timestamp":"2025-11-16T19:11:54.052Z"}
{"level":"info","message":"Received POST request to /v1/post/create-post - IP: ::1","service":"api-gateway","timestamp":"2025-11-16T19:11:56.760Z"}
{"level":"info","message":"Request body: undefined","service":"api-gateway","timestamp":"2025-11-16T19:11:56.760Z"}
{"level":"info","message":"Validating access token...","service":"api-gateway","timestamp":"2025-11-16T19:11:56.761Z"}
{"level":"error","message":"AggregateError [ECONNREFUSED]: \n    at internalConnectMultiple (node:net:1139:18)\n    at afterConnectMultiple (node:net:1714:7)","service":"api-gateway","timestamp":"2025-11-16T19:11:56.772Z"}
{"level":"info","message":"Received POST request to /v1/post/create-post - IP: ::1","service":"api-gateway","timestamp":"2025-11-16T19:11:58.311Z"}
{"level":"info","message":"Request body: undefined","service":"api-gateway","timestamp":"2025-11-16T19:11:58.312Z"}
{"level":"info","message":"Validating access token...","service":"api-gateway","timestamp":"2025-11-16T19:11:58.314Z"}
{"level":"error","message":"AggregateError [ECONNREFUSED]: \n    at internalConnectMultiple (node:net:1139:18)\n    at afterConnectMultiple (node:net:1714:7)","service":"api-gateway","timestamp":"2025-11-16T19:11:58.323Z"}
{"level":"info","message":"Received POST request to /v1/post/create-post - IP: ::1","service":"api-gateway","timestamp":"2025-11-16T19:12:34.738Z"}
{"level":"info","message":"Request body: undefined","service":"api-gateway","timestamp":"2025-11-16T19:12:34.740Z"}
{"level":"info","message":"Validating access token...","service":"api-gateway","timestamp":"2025-11-16T19:12:34.741Z"}
{"level":"info","message":"Response from Post Service: 400 - {\"success\":false,\"message\":\"\\\"content\\\" is required\"}","service":"api-gateway","timestamp":"2025-11-16T19:12:34.827Z"}
{"level":"info","message":"Received POST request to /v1/post/create-post - IP: ::1","service":"api-gateway","timestamp":"2025-11-16T19:13:01.893Z"}
{"level":"info","message":"Request body: [object Object]","service":"api-gateway","timestamp":"2025-11-16T19:13:01.912Z"}
{"level":"info","message":"Validating access token...","service":"api-gateway","timestamp":"2025-11-16T19:13:01.941Z"}
{"level":"info","message":"Response from Post Service: 400 - {\"success\":false,\"message\":\"\\\"title\\\" is not allowed\"}","service":"api-gateway","timestamp":"2025-11-16T19:13:02.515Z"}
{"level":"info","message":"Received POST request to /v1/post/create-post - IP: ::1","service":"api-gateway","timestamp":"2025-11-16T19:13:33.159Z"}
{"level":"info","message":"Request body: [object Object]","service":"api-gateway","timestamp":"2025-11-16T19:13:33.160Z"}
{"level":"info","message":"Validating access token...","service":"api-gateway","timestamp":"2025-11-16T19:13:33.161Z"}
{"level":"info","message":"Response from Post Service: 201 - {\"success\":true,\"message\":\"Post created successfully\"}","service":"api-gateway","timestamp":"2025-11-16T19:13:33.381Z"}
{"level":"info","message":"Received GET request to /v1/posts/get-posts - IP: ::1","service":"api-gateway","timestamp":"2025-11-16T19:19:03.176Z"}
{"level":"info","message":"Request body: undefined","service":"api-gateway","timestamp":"2025-11-16T19:19:03.218Z"}
{"level":"info","message":"Received GET request to /v1/post/get-posts - IP: ::1","service":"api-gateway","timestamp":"2025-11-16T19:19:19.941Z"}
{"level":"info","message":"Request body: undefined","service":"api-gateway","timestamp":"2025-11-16T19:19:19.941Z"}
{"level":"info","message":"Validating access token...","service":"api-gateway","timestamp":"2025-11-16T19:19:19.942Z"}
{"level":"info","message":"Response from Post Service: 200 - {\"posts\":[{\"_id\":\"691a225d0728e20dce2526c5\",\"user\":\"6919cf6607d6b9ae881d1a58\",\"content\":\"Hey new post\",\"mediaIds\":[],\"createdAt\":\"2025-11-16T19:13:33.314Z\",\"updatedAt\":\"2025-11-16T19:13:33.314Z\",\"__v\":0}],\"currentpage\":1,\"totalPages\":1,\"totalPosts\":1}","service":"api-gateway","timestamp":"2025-11-16T19:19:20.152Z"}
{"level":"info","message":"Received POST request to /v1/post/create-post - IP: ::1","service":"api-gateway","timestamp":"2025-11-16T19:29:18.796Z"}
{"level":"info","message":"Request body: [object Object]","service":"api-gateway","timestamp":"2025-11-16T19:29:18.797Z"}
{"level":"info","message":"Validating access token...","service":"api-gateway","timestamp":"2025-11-16T19:29:18.799Z"}
{"level":"info","message":"Response from Post Service: 201 - {\"success\":true,\"message\":\"Post created successfully\"}","service":"api-gateway","timestamp":"2025-11-16T19:29:18.924Z"}
{"level":"info","message":"Received POST request to /v1/post/create-post - IP: ::1","service":"api-gateway","timestamp":"2025-11-16T19:29:22.406Z"}
{"level":"info","message":"Request body: [object Object]","service":"api-gateway","timestamp":"2025-11-16T19:29:22.407Z"}
{"level":"info","message":"Validating access token...","service":"api-gateway","timestamp":"2025-11-16T19:29:22.407Z"}
{"level":"info","message":"Response from Post Service: 201 - {\"success\":true,\"message\":\"Post created successfully\"}","service":"api-gateway","timestamp":"2025-11-16T19:29:22.455Z"}
{"level":"info","message":"Received POST request to /v1/post/create-post - IP: ::1","service":"api-gateway","timestamp":"2025-11-16T19:29:26.316Z"}
{"level":"info","message":"Request body: [object Object]","service":"api-gateway","timestamp":"2025-11-16T19:29:26.317Z"}
{"level":"info","message":"Validating access token...","service":"api-gateway","timestamp":"2025-11-16T19:29:26.318Z"}
{"level":"info","message":"Response from Post Service: 201 - {\"success\":true,\"message\":\"Post created successfully\"}","service":"api-gateway","timestamp":"2025-11-16T19:29:26.356Z"}
{"level":"info","message":"Received GET request to /v1/post/get-posts - IP: ::1","service":"api-gateway","timestamp":"2025-11-16T19:29:29.759Z"}
{"level":"info","message":"Request body: undefined","service":"api-gateway","timestamp":"2025-11-16T19:29:29.759Z"}
{"level":"info","message":"Validating access token...","service":"api-gateway","timestamp":"2025-11-16T19:29:29.760Z"}
{"level":"info","message":"Response from Post Service: 200 - {\"posts\":[{\"_id\":\"691a26164bdbd4ee2eab713a\",\"user\":\"6919cf6607d6b9ae881d1a58\",\"content\":\"Hey new post4\",\"mediaIds\":[],\"createdAt\":\"2025-11-16T19:29:26.341Z\",\"updatedAt\":\"2025-11-16T19:29:26.341Z\",\"__v\":0},{\"_id\":\"691a26124bdbd4ee2eab7138\",\"user\":\"6919cf6607d6b9ae881d1a58\",\"content\":\"Hey new post3\",\"mediaIds\":[],\"createdAt\":\"2025-11-16T19:29:22.440Z\",\"updatedAt\":\"2025-11-16T19:29:22.440Z\",\"__v\":0},{\"_id\":\"691a260e4bdbd4ee2eab7136\",\"user\":\"6919cf6607d6b9ae881d1a58\",\"content\":\"Hey new post2\",\"mediaIds\":[],\"createdAt\":\"2025-11-16T19:29:18.883Z\",\"updatedAt\":\"2025-11-16T19:29:18.883Z\",\"__v\":0},{\"_id\":\"691a225d0728e20dce2526c5\",\"user\":\"6919cf6607d6b9ae881d1a58\",\"content\":\"Hey new post\",\"mediaIds\":[],\"createdAt\":\"2025-11-16T19:13:33.314Z\",\"updatedAt\":\"2025-11-16T19:13:33.314Z\",\"__v\":0}],\"currentpage\":1,\"totalPages\":1,\"totalPosts\":4}","service":"api-gateway","timestamp":"2025-11-16T19:29:29.810Z"}
{"level":"info","message":"Received GET request to /v1/post/get-posts - IP: ::1","service":"api-gateway","timestamp":"2025-11-16T19:29:34.527Z"}
{"level":"info","message":"Request body: undefined","service":"api-gateway","timestamp":"2025-11-16T19:29:34.528Z"}
{"level":"info","message":"Validating access token...","service":"api-gateway","timestamp":"2025-11-16T19:29:34.528Z"}
{"level":"info","message":"Response from Post Service: 200 - {\"posts\":[{\"_id\":\"691a26164bdbd4ee2eab713a\",\"user\":\"6919cf6607d6b9ae881d1a58\",\"content\":\"Hey new post4\",\"mediaIds\":[],\"createdAt\":\"2025-11-16T19:29:26.341Z\",\"updatedAt\":\"2025-11-16T19:29:26.341Z\",\"__v\":0},{\"_id\":\"691a26124bdbd4ee2eab7138\",\"user\":\"6919cf6607d6b9ae881d1a58\",\"content\":\"Hey new post3\",\"mediaIds\":[],\"createdAt\":\"2025-11-16T19:29:22.440Z\",\"updatedAt\":\"2025-11-16T19:29:22.440Z\",\"__v\":0},{\"_id\":\"691a260e4bdbd4ee2eab7136\",\"user\":\"6919cf6607d6b9ae881d1a58\",\"content\":\"Hey new post2\",\"mediaIds\":[],\"createdAt\":\"2025-11-16T19:29:18.883Z\",\"updatedAt\":\"2025-11-16T19:29:18.883Z\",\"__v\":0},{\"_id\":\"691a225d0728e20dce2526c5\",\"user\":\"6919cf6607d6b9ae881d1a58\",\"content\":\"Hey new post\",\"mediaIds\":[],\"createdAt\":\"2025-11-16T19:13:33.314Z\",\"updatedAt\":\"2025-11-16T19:13:33.314Z\",\"__v\":0}],\"currentpage\":1,\"totalPages\":1,\"totalPosts\":4}","service":"api-gateway","timestamp":"2025-11-16T19:29:34.543Z"}
{"level":"info","message":"Received GET request to /v1/post/get-posts - IP: ::1","service":"api-gateway","timestamp":"2025-11-16T19:29:35.719Z"}
{"level":"info","message":"Request body: undefined","service":"api-gateway","timestamp":"2025-11-16T19:29:35.720Z"}
{"level":"info","message":"Validating access token...","service":"api-gateway","timestamp":"2025-11-16T19:29:35.720Z"}
{"level":"info","message":"Response from Post Service: 200 - {\"posts\":[{\"_id\":\"691a26164bdbd4ee2eab713a\",\"user\":\"6919cf6607d6b9ae881d1a58\",\"content\":\"Hey new post4\",\"mediaIds\":[],\"createdAt\":\"2025-11-16T19:29:26.341Z\",\"updatedAt\":\"2025-11-16T19:29:26.341Z\",\"__v\":0},{\"_id\":\"691a26124bdbd4ee2eab7138\",\"user\":\"6919cf6607d6b9ae881d1a58\",\"content\":\"Hey new post3\",\"mediaIds\":[],\"createdAt\":\"2025-11-16T19:29:22.440Z\",\"updatedAt\":\"2025-11-16T19:29:22.440Z\",\"__v\":0},{\"_id\":\"691a260e4bdbd4ee2eab7136\",\"user\":\"6919cf6607d6b9ae881d1a58\",\"content\":\"Hey new post2\",\"mediaIds\":[],\"createdAt\":\"2025-11-16T19:29:18.883Z\",\"updatedAt\":\"2025-11-16T19:29:18.883Z\",\"__v\":0},{\"_id\":\"691a225d0728e20dce2526c5\",\"user\":\"6919cf6607d6b9ae881d1a58\",\"content\":\"Hey new post\",\"mediaIds\":[],\"createdAt\":\"2025-11-16T19:13:33.314Z\",\"updatedAt\":\"2025-11-16T19:13:33.314Z\",\"__v\":0}],\"currentpage\":1,\"totalPages\":1,\"totalPosts\":4}","service":"api-gateway","timestamp":"2025-11-16T19:29:35.737Z"}
{"level":"info","message":"Received GET request to /v1/post/get-posts - IP: ::1","service":"api-gateway","timestamp":"2025-11-16T19:29:36.876Z"}
{"level":"info","message":"Request body: undefined","service":"api-gateway","timestamp":"2025-11-16T19:29:36.877Z"}
{"level":"info","message":"Validating access token...","service":"api-gateway","timestamp":"2025-11-16T19:29:36.878Z"}
{"level":"info","message":"Response from Post Service: 200 - {\"posts\":[{\"_id\":\"691a26164bdbd4ee2eab713a\",\"user\":\"6919cf6607d6b9ae881d1a58\",\"content\":\"Hey new post4\",\"mediaIds\":[],\"createdAt\":\"2025-11-16T19:29:26.341Z\",\"updatedAt\":\"2025-11-16T19:29:26.341Z\",\"__v\":0},{\"_id\":\"691a26124bdbd4ee2eab7138\",\"user\":\"6919cf6607d6b9ae881d1a58\",\"content\":\"Hey new post3\",\"mediaIds\":[],\"createdAt\":\"2025-11-16T19:29:22.440Z\",\"updatedAt\":\"2025-11-16T19:29:22.440Z\",\"__v\":0},{\"_id\":\"691a260e4bdbd4ee2eab7136\",\"user\":\"6919cf6607d6b9ae881d1a58\",\"content\":\"Hey new post2\",\"mediaIds\":[],\"createdAt\":\"2025-11-16T19:29:18.883Z\",\"updatedAt\":\"2025-11-16T19:29:18.883Z\",\"__v\":0},{\"_id\":\"691a225d0728e20dce2526c5\",\"user\":\"6919cf6607d6b9ae881d1a58\",\"content\":\"Hey new post\",\"mediaIds\":[],\"createdAt\":\"2025-11-16T19:13:33.314Z\",\"updatedAt\":\"2025-11-16T19:13:33.314Z\",\"__v\":0}],\"currentpage\":1,\"totalPages\":1,\"totalPosts\":4}","service":"api-gateway","timestamp":"2025-11-16T19:29:36.890Z"}
{"level":"info","message":"Received GET request to /v1/post/get-posts - IP: ::1","service":"api-gateway","timestamp":"2025-11-16T19:29:38.123Z"}
{"level":"info","message":"Request body: undefined","service":"api-gateway","timestamp":"2025-11-16T19:29:38.125Z"}
{"level":"info","message":"Validating access token...","service":"api-gateway","timestamp":"2025-11-16T19:29:38.129Z"}
{"level":"info","message":"Response from Post Service: 200 - {\"posts\":[{\"_id\":\"691a26164bdbd4ee2eab713a\",\"user\":\"6919cf6607d6b9ae881d1a58\",\"content\":\"Hey new post4\",\"mediaIds\":[],\"createdAt\":\"2025-11-16T19:29:26.341Z\",\"updatedAt\":\"2025-11-16T19:29:26.341Z\",\"__v\":0},{\"_id\":\"691a26124bdbd4ee2eab7138\",\"user\":\"6919cf6607d6b9ae881d1a58\",\"content\":\"Hey new post3\",\"mediaIds\":[],\"createdAt\":\"2025-11-16T19:29:22.440Z\",\"updatedAt\":\"2025-11-16T19:29:22.440Z\",\"__v\":0},{\"_id\":\"691a260e4bdbd4ee2eab7136\",\"user\":\"6919cf6607d6b9ae881d1a58\",\"content\":\"Hey new post2\",\"mediaIds\":[],\"createdAt\":\"2025-11-16T19:29:18.883Z\",\"updatedAt\":\"2025-11-16T19:29:18.883Z\",\"__v\":0},{\"_id\":\"691a225d0728e20dce2526c5\",\"user\":\"6919cf6607d6b9ae881d1a58\",\"content\":\"Hey new post\",\"mediaIds\":[],\"createdAt\":\"2025-11-16T19:13:33.314Z\",\"updatedAt\":\"2025-11-16T19:13:33.314Z\",\"__v\":0}],\"currentpage\":1,\"totalPages\":1,\"totalPosts\":4}","service":"api-gateway","timestamp":"2025-11-16T19:29:38.156Z"}
{"level":"info","message":"Received GET request to /v1/post/get-post/691a26164bdbd4ee2eab713a - IP: ::1","service":"api-gateway","timestamp":"2025-11-16T19:30:13.791Z"}
{"level":"info","message":"Request body: undefined","service":"api-gateway","timestamp":"2025-11-16T19:30:13.791Z"}
{"level":"info","message":"Validating access token...","service":"api-gateway","timestamp":"2025-11-16T19:30:13.792Z"}
{"level":"info","message":"Response from Post Service: 200 - {\"_id\":\"691a26164bdbd4ee2eab713a\",\"user\":\"6919cf6607d6b9ae881d1a58\",\"content\":\"Hey new post4\",\"mediaIds\":[],\"createdAt\":\"2025-11-16T19:29:26.341Z\",\"updatedAt\":\"2025-11-16T19:29:26.341Z\",\"__v\":0}","service":"api-gateway","timestamp":"2025-11-16T19:30:13.822Z"}
{"level":"info","message":"Received GET request to /v1/post/delete-post/691a26164bdbd4ee2eab713a - IP: ::1","service":"api-gateway","timestamp":"2025-11-16T19:30:41.296Z"}
{"level":"info","message":"Request body: undefined","service":"api-gateway","timestamp":"2025-11-16T19:30:41.297Z"}
{"level":"info","message":"Validating access token...","service":"api-gateway","timestamp":"2025-11-16T19:30:41.298Z"}
{"level":"info","message":"Response from Post Service: 404 - <!DOCTYPE html>\n<html lang=\"en\">\n<head>\n<meta charset=\"utf-8\">\n<title>Error</title>\n</head>\n<body>\n<pre>Cannot GET /api/post/delete-post/691a26164bdbd4ee2eab713a</pre>\n</body>\n</html>\n","service":"api-gateway","timestamp":"2025-11-16T19:30:41.313Z"}
{"level":"info","message":"Received DELETE request to /v1/post/delete-post/691a26164bdbd4ee2eab713a - IP: ::1","service":"api-gateway","timestamp":"2025-11-16T19:30:46.042Z"}
{"level":"info","message":"Request body: undefined","service":"api-gateway","timestamp":"2025-11-16T19:30:46.043Z"}
{"level":"info","message":"Validating access token...","service":"api-gateway","timestamp":"2025-11-16T19:30:46.043Z"}
{"level":"info","message":"Response from Post Service: 200 - {\"message\":\"Post deleted successfully\"}","service":"api-gateway","timestamp":"2025-11-16T19:30:46.081Z"}
{"level":"info","message":"Received GET request to /v1/post/get-post/691a26164bdbd4ee2eab713a - IP: ::1","service":"api-gateway","timestamp":"2025-11-16T19:30:53.380Z"}
{"level":"info","message":"Request body: undefined","service":"api-gateway","timestamp":"2025-11-16T19:30:53.386Z"}
{"level":"info","message":"Validating access token...","service":"api-gateway","timestamp":"2025-11-16T19:30:53.387Z"}
{"level":"info","message":"Response from Post Service: 404 - {\"message\":\"Post not found\",\"success\":false}","service":"api-gateway","timestamp":"2025-11-16T19:30:53.413Z"}
{"level":"info","message":"Received GET request to /v1/post/get-posts - IP: ::1","service":"api-gateway","timestamp":"2025-11-16T19:30:58.231Z"}
{"level":"info","message":"Request body: undefined","service":"api-gateway","timestamp":"2025-11-16T19:30:58.239Z"}
{"level":"info","message":"Validating access token...","service":"api-gateway","timestamp":"2025-11-16T19:30:58.245Z"}
{"level":"info","message":"Response from Post Service: 200 - {\"posts\":[{\"_id\":\"691a26124bdbd4ee2eab7138\",\"user\":\"6919cf6607d6b9ae881d1a58\",\"content\":\"Hey new post3\",\"mediaIds\":[],\"createdAt\":\"2025-11-16T19:29:22.440Z\",\"updatedAt\":\"2025-11-16T19:29:22.440Z\",\"__v\":0},{\"_id\":\"691a260e4bdbd4ee2eab7136\",\"user\":\"6919cf6607d6b9ae881d1a58\",\"content\":\"Hey new post2\",\"mediaIds\":[],\"createdAt\":\"2025-11-16T19:29:18.883Z\",\"updatedAt\":\"2025-11-16T19:29:18.883Z\",\"__v\":0},{\"_id\":\"691a225d0728e20dce2526c5\",\"user\":\"6919cf6607d6b9ae881d1a58\",\"content\":\"Hey new post\",\"mediaIds\":[],\"createdAt\":\"2025-11-16T19:13:33.314Z\",\"updatedAt\":\"2025-11-16T19:13:33.314Z\",\"__v\":0}],\"currentpage\":1,\"totalPages\":1,\"totalPosts\":3}","service":"api-gateway","timestamp":"2025-11-16T19:30:58.411Z"}
{"level":"info","message":"Received GET request to /v1/post/get-posts - IP: ::1","service":"api-gateway","timestamp":"2025-11-16T19:31:00.660Z"}
{"level":"info","message":"Request body: undefined","service":"api-gateway","timestamp":"2025-11-16T19:31:00.667Z"}
{"level":"info","message":"Validating access token...","service":"api-gateway","timestamp":"2025-11-16T19:31:00.669Z"}
{"level":"info","message":"Response from Post Service: 200 - {\"posts\":[{\"_id\":\"691a26124bdbd4ee2eab7138\",\"user\":\"6919cf6607d6b9ae881d1a58\",\"content\":\"Hey new post3\",\"mediaIds\":[],\"createdAt\":\"2025-11-16T19:29:22.440Z\",\"updatedAt\":\"2025-11-16T19:29:22.440Z\",\"__v\":0},{\"_id\":\"691a260e4bdbd4ee2eab7136\",\"user\":\"6919cf6607d6b9ae881d1a58\",\"content\":\"Hey new post2\",\"mediaIds\":[],\"createdAt\":\"2025-11-16T19:29:18.883Z\",\"updatedAt\":\"2025-11-16T19:29:18.883Z\",\"__v\":0},{\"_id\":\"691a225d0728e20dce2526c5\",\"user\":\"6919cf6607d6b9ae881d1a58\",\"content\":\"Hey new post\",\"mediaIds\":[],\"createdAt\":\"2025-11-16T19:13:33.314Z\",\"updatedAt\":\"2025-11-16T19:13:33.314Z\",\"__v\":0}],\"currentpage\":1,\"totalPages\":1,\"totalPosts\":3}","service":"api-gateway","timestamp":"2025-11-16T19:31:00.707Z"}
{"level":"info","message":"Received GET request to /v1/post/get-posts - IP: ::1","service":"api-gateway","timestamp":"2025-11-16T19:31:02.373Z"}
{"level":"info","message":"Request body: undefined","service":"api-gateway","timestamp":"2025-11-16T19:31:02.374Z"}
{"level":"info","message":"Validating access token...","service":"api-gateway","timestamp":"2025-11-16T19:31:02.375Z"}
{"level":"info","message":"Response from Post Service: 200 - {\"posts\":[{\"_id\":\"691a26124bdbd4ee2eab7138\",\"user\":\"6919cf6607d6b9ae881d1a58\",\"content\":\"Hey new post3\",\"mediaIds\":[],\"createdAt\":\"2025-11-16T19:29:22.440Z\",\"updatedAt\":\"2025-11-16T19:29:22.440Z\",\"__v\":0},{\"_id\":\"691a260e4bdbd4ee2eab7136\",\"user\":\"6919cf6607d6b9ae881d1a58\",\"content\":\"Hey new post2\",\"mediaIds\":[],\"createdAt\":\"2025-11-16T19:29:18.883Z\",\"updatedAt\":\"2025-11-16T19:29:18.883Z\",\"__v\":0},{\"_id\":\"691a225d0728e20dce2526c5\",\"user\":\"6919cf6607d6b9ae881d1a58\",\"content\":\"Hey new post\",\"mediaIds\":[],\"createdAt\":\"2025-11-16T19:13:33.314Z\",\"updatedAt\":\"2025-11-16T19:13:33.314Z\",\"__v\":0}],\"currentpage\":1,\"totalPages\":1,\"totalPosts\":3}","service":"api-gateway","timestamp":"2025-11-16T19:31:02.393Z"}
{"level":"info","message":"Received GET request to /v1/post/get-posts - IP: ::1","service":"api-gateway","timestamp":"2025-11-16T19:31:04.060Z"}
{"level":"info","message":"Request body: undefined","service":"api-gateway","timestamp":"2025-11-16T19:31:04.061Z"}
{"level":"info","message":"Validating access token...","service":"api-gateway","timestamp":"2025-11-16T19:31:04.062Z"}
{"level":"info","message":"Response from Post Service: 200 - {\"posts\":[{\"_id\":\"691a26124bdbd4ee2eab7138\",\"user\":\"6919cf6607d6b9ae881d1a58\",\"content\":\"Hey new post3\",\"mediaIds\":[],\"createdAt\":\"2025-11-16T19:29:22.440Z\",\"updatedAt\":\"2025-11-16T19:29:22.440Z\",\"__v\":0},{\"_id\":\"691a260e4bdbd4ee2eab7136\",\"user\":\"6919cf6607d6b9ae881d1a58\",\"content\":\"Hey new post2\",\"mediaIds\":[],\"createdAt\":\"2025-11-16T19:29:18.883Z\",\"updatedAt\":\"2025-11-16T19:29:18.883Z\",\"__v\":0},{\"_id\":\"691a225d0728e20dce2526c5\",\"user\":\"6919cf6607d6b9ae881d1a58\",\"content\":\"Hey new post\",\"mediaIds\":[],\"createdAt\":\"2025-11-16T19:13:33.314Z\",\"updatedAt\":\"2025-11-16T19:13:33.314Z\",\"__v\":0}],\"currentpage\":1,\"totalPages\":1,\"totalPosts\":3}","service":"api-gateway","timestamp":"2025-11-16T19:31:04.102Z"}
{"level":"info","message":"API Gateway running on port 8000","service":"api-gateway","timestamp":"2025-11-16T19:31:45.690Z"}
{"level":"info","message":"Identity Service URL: http://localhost:8001","service":"api-gateway","timestamp":"2025-11-16T19:31:45.710Z"}
{"level":"info","message":"Post Service URL: http://localhost:8002","service":"api-gateway","timestamp":"2025-11-16T19:31:45.712Z"}
{"level":"info","message":"Redis URL: redis://localhost:6379","service":"api-gateway","timestamp":"2025-11-16T19:31:45.716Z"}
